CODIGO_ORGANIZACAO;NOME_GRUPO;TIPO_TICKET;STATUS_TICKET;DT_CRIACAO;DT_ATUALIZACAO;BK_TICKET;PRIORIDADE_TICKET
TFCPWG;Fábrica Consinco;task;closed;12/11/2024;02/01/2025;21787048;low
TB2434;PC - Financeiro;question;closed;07/05/2024;16/05/2024;20066662;normal
TFBYNF;TOTVS Chef Corporativo;question;closed;19/03/2024;03/04/2024;19662250;low
TFCNAD;PC - Financeiro;question;closed;25/06/2024;04/07/2024;20517470;normal
TFDJLF;AGT CLOUD RM STD;question;closed;02/02/2024;06/02/2024;19222316;low
TEZDFJ;Protheus SPED;question;closed;06/02/2024;23/02/2024;19249600;low
TFDIDT;AGT CLOUD RM STD;question;closed;05/04/2024;11/04/2024;19805387;high
TEZIIF;Protheus SPED;question;closed;12/04/2024;30/04/2024;19880177;low
TFDPV1;PC - Financeiro;question;closed;18/12/2024;31/12/2024;22136158;low
TFDPV1;PC - Financeiro;question;closed;09/02/2024;26/02/2024;19304821;low
TFCFEH;AGT CLOUD RM STD;question;closed;16/02/2024;22/02/2024;19353834;low
TFCC64;Logix Controladoria;question;closed;27/02/2024;07/03/2024;19454516;high
T55024;Reversão Canc/Ouvidoria;question;closed;26/11/2024;24/12/2024;21913043;normal
TFCQL3;PC - Financeiro;question;closed;03/02/2025;07/02/2025;22531671;low
TFDBAQ;PC - Financeiro;question;closed;25/03/2024;04/04/2024;19706231;normal
T79375;Datasul Recursos Humanos;incident;closed;23/01/2024;12/02/2024;19121176;high
TEZOVP;TCRM GC - Suporte Padrão;question;closed;22/02/2024;06/03/2024;19417120;normal
TFDAS5;TOTVS Chef Corporativo;question;closed;14/04/2024;26/04/2024;19882769;normal
TEZEFG;Reversão Canc/Ouvidoria;question;closed;29/07/2024;30/07/2024;20823428;normal
TFCPWG;Consinco Recebimento e Expedição de Loja;question;closed;07/05/2024;07/06/2024;20066158;normal
TFDAS5;TOTVS Chef Corporativo;question;closed;26/02/2025;12/03/2025;22792326;low
TFDJLF;AGT CLOUD RM STD;question;closed;25/03/2024;30/03/2024;19712337;normal
TEZOOL;RM Gestão de Pessoas & SSO;question;closed;20/06/2024;02/07/2024;20484491;low
TFCXA8;AGT CLOUD RM STD;question;closed;07/03/2024;13/03/2024;19542690;low
TFCRW9;CST - Contratos Padrão e Select;task;closed;17/01/2025;17/01/2025;22386675;normal
TFDEZT;CST - Contratos Padrão e Select;question;closed;16/12/2024;20/01/2025;22104268;normal
TFCQL3;PC - Financeiro;question;closed;02/07/2024;11/07/2024;20569668;low
T31446;Datasul Mercado Internacional;question;closed;13/03/2024;22/03/2024;19596405;high
TFCQL3;PC - Financeiro;question;closed;31/01/2024;09/02/2024;19198972;low
T12653;CST - Contratos Padrão e Select;question;closed;11/02/2025;13/03/2025;22637552;low
TFCXA8;AGT CLOUD RM STD;question;closed;23/10/2024;30/10/2024;21605846;normal
T03120;FÁBRICA RM - CUSTOMIZAÇÃO PORTFÓLIO PLAT & SEG;incident;closed;03/09/2024;08/10/2024;21145583;low
TFCUKX;Reversão Canc/Ouvidoria;question;closed;05/03/2024;22/03/2024;19526445;normal
T57936;Prime Supermercados - Consultoria;question;open;14/02/2025;24/03/2025;22691536;low
TCAWRC;TOTVS Chef Corporativo;question;closed;29/11/2024;13/12/2024;21945420;low
TEZDFJ;Protheus Manufatura;question;closed;10/04/2024;19/04/2024;19852199;normal
TDC02G;Consinco PDV Infra e Monitor;question;closed;12/02/2025;14/02/2025;22649584;low
T73765;Parceiros Datasul Neogrid Atendimento;question;closed;07/05/2024;27/05/2024;20077210;normal
TFCJEG;Protheus SPED;question;closed;09/05/2024;27/05/2024;20098685;low
TFCKV3;TPD CSO;problem;closed;03/08/2024;27/08/2024;20869678;high
TEZMJ3;AGT CLOUD RM STD;question;closed;31/01/2025;04/02/2025;22516042;low
TFDJLF;AGT CLOUD RM STD;question;closed;25/04/2024;02/05/2024;19989865;low
TDC02G;Consinco Recebimento e Expedição de Loja;question;closed;12/11/2024;12/11/2024;21786510;normal
TFCPWG;Consinco Recebimento e Expedição de Loja;question;closed;25/11/2024;12/12/2024;21887807;high
T03120;PRIME RM RH;question;closed;06/02/2024;06/03/2024;19254817;low
TFCQL3;PC - Financeiro;question;closed;16/05/2024;27/05/2024;20178796;normal
TB2947;PC - Financeiro;question;closed;31/10/2024;11/11/2024;21669601;low
TDC02G;Consinco Recebimento e Expedição de Loja;question;closed;20/02/2025;12/03/2025;22751235;low
T14167;Protheus Manufatura;question;closed;24/01/2025;06/02/2025;22456021;normal
TCASEN;TOTVS Chef Corporativo;question;closed;11/03/2025;24/03/2025;22896253;low
T41316;PRIME RM RH;question;solved;19/03/2025;23/03/2025;22995717;low
TFBSWH;RM Framework;question;closed;12/08/2024;29/08/2024;20950524;normal
T57936;Prime Supermercados - Consultoria;question;closed;15/04/2024;15/04/2024;19898996;normal
TFCPWG;Consinco Recebimento e Expedição de Loja;question;closed;29/01/2025;07/02/2025;22496386;low
TEZDFJ;Protheus Manufatura;question;closed;05/02/2024;05/02/2024;19240538;normal
TCAWRC;TOTVS Chef Corporativo;question;closed;31/01/2025;13/02/2025;22517889;low
TB1029;PC - Financeiro;incident;closed;28/01/2025;07/02/2025;22477254;normal
TEZLCP;CST - Contratos Padrão e Select;question;closed;07/01/2025;04/02/2025;22253297;low
TFCNAD;PC - Financeiro;question;closed;26/08/2024;04/09/2024;21076075;low
TEZDFJ;Protheus Manufatura;question;closed;20/05/2024;03/06/2024;20203208;normal
TEZDFJ;Protheus Manufatura;question;closed;23/07/2024;01/08/2024;20773879;low
TFDOXA;PC - Financeiro;question;closed;18/09/2024;27/09/2024;21301195;normal
TFDI69;TOTVS Chef Corporativo;question;closed;10/09/2024;23/09/2024;21208209;high
TFCPWG;Consinco Recebimento e Expedição de Loja;question;closed;27/06/2024;27/06/2024;20532991;low
TFDFDQ;Protheus SPED;question;closed;06/05/2024;24/05/2024;20061634;normal
T09800;PC - Financeiro;question;closed;27/11/2024;06/12/2024;21918354;low
TFDTVC;TOTVS Chef Corporativo;question;closed;22/02/2025;10/03/2025;22764636;high
T12653;Protheus Manufatura;question;closed;04/04/2024;16/04/2024;19793898;low
TFCGAM;CST - Contratos Padrão e Select;question;closed;02/01/2025;12/02/2025;22210945;low
TFDOAP;AGT CLOUD RM STD;task;closed;13/11/2024;22/11/2024;21789354;low
T13659;Protheus SPED;question;closed;31/10/2024;11/11/2024;21666943;low
TFDTVC;TOTVS Chef Corporativo;question;closed;04/09/2024;18/09/2024;21153621;low
T03120;FÁBRICA RM - CUSTOMIZAÇÃO PORTFÓLIO PLAT & SEG;question;closed;15/07/2024;19/08/2024;20695155;low
T06178;Protheus Manufatura;question;closed;27/11/2024;19/12/2024;21921420;normal
TFBXZ3;Reversão Canc/Ouvidoria;question;closed;10/01/2024;30/01/2024;19003353;normal
TFDJLF;AGT CLOUD RM STD;question;closed;19/08/2024;27/08/2024;21009856;low
TFDAS5;TOTVS Chef Corporativo;question;closed;09/07/2024;06/08/2024;20637362;high
T03120;PRIME RM RH;question;closed;14/03/2024;12/04/2024;19620432;normal
TEZDFJ;Protheus Manufatura;question;closed;05/07/2024;16/07/2024;20613209;low
TFDAS5;TOTVS Chef Corporativo;question;closed;26/02/2025;12/03/2025;22792262;low
TFDAS5;TOTVS Chef Corporativo;question;closed;26/09/2024;09/10/2024;21363072;low
T78573;Datasul Recursos Humanos;question;closed;22/11/2024;03/12/2024;21875656;low
TFCMT0;AGT CLOUD RM STD;task;closed;10/02/2025;19/02/2025;22626768;low
TFDEM3;TOTVS Processos Fiscais;question;closed;01/10/2024;07/10/2024;21396165;normal
T37248;RM Framework;question;closed;10/07/2024;29/07/2024;20646340;low
TDC1J8;Fábrica Consinco;task;pending;18/03/2025;23/03/2025;22978861;low
TFDEM3;TOTVS Processos Fiscais;question;closed;05/09/2024;18/09/2024;21167521;high
T27008;Prime - CNI Customizações;question;closed;30/08/2024;25/09/2024;21117281;low
TEZOOL;RM Gestão de Pessoas & SSO;question;closed;04/09/2024;13/09/2024;21149381;normal
T57936;Prime Supermercados - Consultoria;question;closed;07/05/2024;24/06/2024;20068317;normal
TFCXA8;AGT CLOUD RM STD;question;closed;05/07/2024;11/07/2024;20616271;low
TFCDRK;PC - Financeiro;question;closed;25/09/2024;08/10/2024;21359356;high
T02984;TOTVS Chef Corporativo;question;solved;17/01/2025;18/02/2025;22382742;high
TEXVGX;CST - Viagens;question;closed;11/11/2024;19/12/2024;21770697;low
TB3043;PC - Financeiro;problem;closed;08/11/2024;12/11/2024;21747685;high
TFCVY1;RM Framework;question;closed;20/06/2024;08/07/2024;20476162;low
TCAWRC;TOTVS Chef Corporativo;question;closed;29/01/2025;12/02/2025;22497337;low
TFCPWG;Consinco Contábil;question;closed;06/02/2025;20/02/2025;22581505;low
T60204;CST - Contratos Padrão e Select;task;closed;13/01/2025;13/01/2025;22320083;normal
TB3627;PC - Financeiro;question;closed;08/08/2024;19/08/2024;20914928;low
TFCHUW;Reversão Canc/Ouvidoria;question;open;20/03/2025;21/03/2025;23013862;normal
TB2230;PC - Financeiro;question;solved;19/03/2025;24/03/2025;23000020;low
TFCPWG;Fábrica Consinco;question;closed;05/06/2024;28/06/2024;20326722;low
TFDPVI;PC - Financeiro;question;closed;21/02/2025;05/03/2025;22757532;low
TCASEN;TOTVS Chef Corporativo;incident;closed;28/10/2024;07/11/2024;21635708;normal
TFCPWG;Consinco Recebimento e Expedição de Loja;question;closed;04/11/2024;02/12/2024;21688289;low
TFDTMX;TOTVS Chef Corporativo;question;closed;05/12/2024;18/12/2024;21999819;low
TDC02G;Consinco Recebimento e Expedição de Loja;question;closed;11/11/2024;11/11/2024;21770883;normal
TEZMJ3;AGT CLOUD RM STD;question;closed;28/01/2025;01/02/2025;22488076;low
T42079;RM Gestão de Pessoas & SSO;question;closed;20/05/2024;31/05/2024;20205591;normal
TFCJEG;Protheus SPED;problem;closed;13/05/2024;23/05/2024;20130525;normal
TFDNGM;TOTVS Chef Corporativo;question;closed;16/01/2024;12/02/2024;19061514;high
TEZOOL;RM Gestão de Pessoas & SSO;question;closed;11/06/2024;21/06/2024;20381614;low
TFCEMY;Protheus SPED;question;closed;17/06/2024;23/07/2024;20439729;normal
T13777;Protheus Automação Comercial;question;closed;19/11/2024;09/12/2024;21854924;low
TCAWRC;TOTVS Chef Corporativo;question;closed;28/02/2025;17/03/2025;22823346;low
TFCXA8;AGT CLOUD RM STD;question;closed;12/03/2024;18/03/2024;19589674;normal
T22345;RM Framework;question;closed;15/05/2024;03/06/2024;20161519;low
TCAWRC;TOTVS Chef Corporativo;question;closed;04/03/2025;18/03/2025;22832468;normal
TFBNZV;AGT CLOUD RM STD;question;closed;22/08/2024;28/08/2024;21048415;low
TEYYSH;RM Framework;question;closed;13/05/2024;13/05/2024;20124485;low
T84560;Protheus SPED;question;closed;02/07/2024;11/07/2024;20576085;normal
TFDH35;RM Framework;question;closed;03/07/2024;12/07/2024;20583402;low
TEZOOL;Protheus SPED;question;closed;06/05/2024;24/05/2024;20059245;normal
TFDNEH;Consinco PDV Infra e Monitor;question;closed;21/01/2025;23/01/2025;22408516;low
TFCXA8;AGT CLOUD RM STD;question;closed;06/12/2024;12/12/2024;22014382;low
TEZDFJ;Protheus SPED;question;closed;19/09/2024;23/09/2024;21304537;normal
T56018;CST - Contratos Padrão e Select;question;closed;07/01/2025;16/01/2025;22248331;low
TFCNAD;PC - Financeiro;question;closed;29/08/2024;09/09/2024;21105700;low
TEZOVP;TCRM GC - Suporte Padrão;question;closed;11/03/2024;28/03/2024;19575904;normal
TEZMJ3;AGT CLOUD RM STD;question;closed;23/01/2025;01/02/2025;22447442;low
T12653;TOTVS WMS SaaS;problem;closed;09/12/2024;19/12/2024;22031811;normal
T79168;Datasul Recursos Humanos;question;closed;04/11/2024;13/11/2024;21691364;low
TFDAS5;TOTVS Chef Corporativo;question;closed;07/05/2024;20/05/2024;20066900;high
T03120;PRIME RM RH;question;closed;16/01/2024;01/02/2024;19049465;low
T12653;Protheus Manufatura;question;closed;20/02/2025;26/02/2025;22741321;normal
TFCPWG;Consinco Recebimento e Expedição de Loja;question;closed;23/12/2024;04/02/2025;22166796;low
TFDGKO;Protheus SPED;question;closed;10/06/2024;20/06/2024;20378293;normal
TB3493;PC - Financeiro;question;closed;04/07/2024;16/07/2024;20608938;normal
TCASEN;TOTVS Chef Corporativo;question;solved;18/03/2025;21/03/2025;22975091;low
TFCPWG;Consinco Recebimento e Expedição de Loja;question;solved;07/03/2025;25/03/2025;22870484;normal
T03120;FÁBRICA RM - CUSTOMIZAÇÃO PORTFÓLIO PLAT & SEG;question;closed;03/05/2024;04/07/2024;20048770;normal
TFCPWG;Consinco Recebimento e Expedição de Loja;question;closed;09/02/2024;27/02/2024;19300803;low
TFCXA8;AGT CLOUD RM STD;question;closed;16/02/2024;23/02/2024;19352297;high
TFDNEH;Consinco PDV Infra e Monitor;question;closed;17/09/2024;17/09/2024;21286128;normal
TFDJIH;AGT CLOUD RM STD;question;closed;24/04/2024;30/04/2024;19977860;low
TEZDFJ;Protheus Manufatura;question;closed;03/09/2024;09/09/2024;21134729;low
T02266;Protheus SPED;question;closed;06/02/2024;23/02/2024;19254784;normal
T22665;Parceiros Datasul Neogrid Atendimento;question;closed;21/01/2025;31/01/2025;22420588;high
TFCPWG;Consinco Recebimento e Expedição de Loja;question;closed;04/12/2024;30/12/2024;21976014;normal
TDC02G;Consinco Contábil;question;closed;12/06/2024;12/06/2024;20401817;normal
TFBMB3;TOTVS Chef Corporativo;question;closed;12/08/2024;16/08/2024;20947654;low
T05077;AGT CLOUD RM STD;task;closed;09/01/2025;16/01/2025;22288469;low
TEZDFJ;Protheus SPED;question;closed;19/08/2024;28/08/2024;21008792;low
TCAWRC;TOTVS Chef Corporativo;question;solved;21/03/2025;24/03/2025;23026403;low
TFDNGM;TOTVS Chef Corporativo;question;closed;18/04/2024;02/05/2024;19934065;low
TFBKHT;Protheus Automação Comercial;question;closed;06/06/2024;17/06/2024;20337307;low
TFDAS5;TOTVS Chef Corporativo;question;closed;10/05/2024;24/05/2024;20114532;low
TFDJLF;AGT CLOUD RM STD;question;closed;19/02/2025;25/02/2025;22729518;low
TFCXA8;AGT CLOUD RM STD;question;closed;07/03/2024;11/03/2024;19555277;low
TDC02G;Consinco Recebimento e Expedição de Loja;question;closed;02/07/2024;16/07/2024;20572451;low
TFCXA8;AGT CLOUD RM STD;question;closed;10/01/2024;17/01/2024;19003255;normal
TFBGUG;PC - Financeiro;question;closed;08/01/2024;17/01/2024;18976957;low
TFDEM3;TOTVS Processos Fiscais;question;closed;15/10/2024;18/10/2024;21541057;high
TFBYNF;TOTVS Chef Corporativo;question;closed;13/11/2024;02/12/2024;21794459;normal
T03120;PRIME RM RH;question;closed;28/05/2024;24/06/2024;20267994;low
T45675;TPD CSO;problem;closed;09/02/2024;27/02/2024;19305259;high
TEYJ64;Protheus SPED;question;closed;15/02/2024;01/03/2024;19329921;normal
TFCPWG;Fábrica Consinco;task;pending;06/03/2025;20/03/2025;22843340;low
TEXVI3;AGT CLOUD RM STD;question;closed;30/04/2024;16/05/2024;20023819;low
T79168;Datasul Recursos Humanos;question;closed;10/02/2025;19/02/2025;22617592;low
TFCRW9;CST - Contratos Padrão e Select;task;closed;17/01/2025;17/01/2025;22386530;normal
TCAWRC;TOTVS Chef Corporativo;question;closed;30/01/2025;12/02/2025;22503084;low
TFDQW1;TOTVS Chef Corporativo;question;closed;08/06/2024;21/06/2024;20363302;normal
TFDAS5;TOTVS Chef Corporativo;question;closed;20/02/2024;05/03/2024;19386257;high
T48579;AGT CLOUD RM STD;question;closed;20/01/2025;26/01/2025;22407656;low
TFCJEG;Protheus SPED;question;closed;19/02/2024;06/03/2024;19375171;low
TEZDFJ;Protheus Manufatura;question;closed;14/11/2024;27/11/2024;21808834;normal
TEXVI3;AGT CLOUD RM STD;question;closed;24/01/2025;02/02/2025;22449473;low
TFCXA8;AGT CLOUD RM STD;question;closed;23/04/2024;29/04/2024;19970407;low
TDC02G;Consinco Contábil;question;closed;18/11/2024;22/11/2024;21825950;low
TFBOM4;AGT CLOUD RM STD;question;closed;25/04/2024;02/05/2024;19987069;low
TCBG82;TOTVS Chef Corporativo;question;closed;16/05/2024;31/05/2024;20177546;high
TFCRIC;PC - Financeiro;question;closed;13/06/2024;24/06/2024;20413049;normal
TFBKZ9;Datasul Recursos Humanos;question;closed;29/02/2024;13/03/2024;19475938;low
T17146;Protheus Automação Comercial;question;closed;21/08/2024;21/08/2024;21037347;normal
TCAWRC;TOTVS Chef Corporativo;question;closed;05/02/2025;19/02/2025;22569550;high
TEZOQY;CST - Contratos Padrão e Select;question;open;17/03/2025;24/03/2025;22970277;normal
T03120;FÁBRICA RM - CUSTOMIZAÇÃO PORTFÓLIO PLAT & SEG;incident;closed;16/04/2024;30/10/2024;19912737;low
TFDAS5;TOTVS Chef Corporativo;question;closed;12/10/2024;25/10/2024;21508020;normal
TFBJTR;Protheus Automação Comercial;question;closed;20/06/2024;08/07/2024;20473024;low
TFCXA8;AGT CLOUD RM STD;task;closed;03/01/2025;11/01/2025;22220572;low
TFDJLF;AGT CLOUD RM STD;question;closed;15/03/2024;21/03/2024;19629166;normal
TEWTYL;CST - Contratos Padrão e Select;task;closed;27/01/2025;27/01/2025;22466341;normal
T40143;AGT CLOUD RM STD;task;closed;06/12/2024;13/12/2024;22008996;low
T41316;CST - Contratos Padrão e Select;question;solved;28/02/2025;25/03/2025;22824371;low
TFCNAD;PC - Financeiro;question;closed;15/02/2024;26/02/2024;19345408;low
TFCWND;Protheus SPED;question;closed;19/12/2024;09/01/2025;22143956;normal
TDC02G;Consinco Contábil;question;closed;13/11/2024;18/11/2024;21798157;low
TFDAS5;TOTVS Chef Corporativo;question;closed;12/02/2024;27/02/2024;19311782;low
TEYYSH;RM Framework;question;closed;09/05/2024;09/05/2024;20101702;normal
T73765;Datasul Recursos Humanos;question;closed;19/06/2024;01/07/2024;20466571;high
TFCXA8;AGT CLOUD RM STD;question;closed;16/01/2025;20/01/2025;22374890;normal
TDC02G;Fábrica Consinco;question;solved;19/02/2025;21/03/2025;22730257;low
T46585;CST - Contratos Padrão e Select;task;closed;18/01/2025;18/01/2025;22391267;normal
TCBG82;TOTVS Chef Corporativo;question;closed;05/10/2024;18/10/2024;21443667;low
TFCXA8;AGT CLOUD RM STD;question;closed;11/01/2024;15/01/2024;19012479;low
TAAMBE;Protheus SPED;question;closed;18/07/2024;18/07/2024;20739543;low
T59297;Protheus SPED;question;closed;08/04/2024;17/04/2024;19820523;normal
TB1015;PC - Financeiro;question;closed;11/09/2024;25/09/2024;21226640;low
T55302;CST - Contratos Padrão e Select;task;closed;09/01/2025;09/01/2025;22278954;normal
TFBJPS;PC - Financeiro;question;closed;20/12/2024;20/12/2024;22152289;low
TFBOM4;RM Framework;question;closed;19/08/2024;29/08/2024;21012337;low
TFDPVI;PC - Financeiro;question;closed;15/01/2025;24/01/2025;22347807;low
T55554;AGT CLOUD RM STD;question;closed;12/04/2024;18/04/2024;19875873;low
TFDO85;TOTVS Chef Corporativo;question;closed;21/08/2024;04/09/2024;21039920;low
T46457;AGT CLOUD RM STD;question;closed;11/10/2024;16/10/2024;21503363;low
TEXHX8;Protheus Manufatura;question;closed;26/07/2024;26/07/2024;20810006;low
TFDGKO;Protheus Manufatura;question;closed;09/01/2025;27/01/2025;22289725;normal
TFCXA8;AGT CLOUD RM STD;question;closed;25/07/2024;29/07/2024;20802135;normal
TB1015;PC - Financeiro;question;closed;11/03/2024;27/03/2024;19581405;normal
TEZNGU;Datasul Recursos Humanos;question;closed;23/10/2024;23/10/2024;21601421;normal
TFBOM4;AGT CLOUD RM STD;question;closed;09/09/2024;10/09/2024;21189714;low
T22345;RM Framework;question;closed;17/06/2024;27/06/2024;20448657;low
TCASEN;TOTVS Chef Corporativo;incident;closed;28/10/2024;07/11/2024;21635815;normal
TFCPWG;Fábrica Consinco;question;closed;22/05/2024;26/06/2024;20223116;low
TFCEX9;Prime Supermercados - Consultoria;question;closed;05/11/2024;28/11/2024;21708535;low
T73765;Parceiros Datasul Neogrid Atendimento;question;closed;16/10/2024;18/11/2024;21552491;high
TEZIIV;Protheus SPED;question;closed;02/07/2024;11/07/2024;20578251;low
TFDPNU;TOTVS Chef Corporativo;problem;closed;30/12/2024;14/01/2025;22202997;high
TFDIDT;CST - Contratos Padrão e Select;question;closed;12/02/2025;14/03/2025;22660015;low
TFCROE;PC - Financeiro;question;closed;16/09/2024;25/09/2024;21274450;low
TEZNGU;Parceiros Datasul Neogrid Atendimento;question;closed;18/04/2024;29/04/2024;19932120;low
T03268;Protheus SPED;question;closed;17/04/2024;06/05/2024;19926155;low
T36359;AGT CLOUD RM STD;question;closed;21/02/2024;26/02/2024;19396271;normal
T74314;Datasul Recursos Humanos;incident;hold;10/02/2025;24/03/2025;22622476;high
TFBX19;Reversão Canc/Ouvidoria;question;closed;30/09/2024;18/10/2024;21392694;normal
T01436;CST - Contratos Padrão e Select;task;closed;21/02/2025;21/02/2025;22754307;normal
TFBMB3;TOTVS Chef Corporativo;question;solved;13/03/2025;21/03/2025;22932857;normal
TFCMT0;AGT CLOUD RM STD;question;closed;28/11/2024;05/12/2024;21933975;low
TEZN39;Protheus SPED;question;closed;28/01/2025;11/02/2025;22482045;low
T46457;PRIME RM RH;question;closed;05/12/2024;24/12/2024;21994432;normal
T14245;PC - Financeiro;incident;closed;01/03/2024;08/05/2024;19482213;normal
TFDAS5;TOTVS Chef Corporativo;question;closed;09/02/2024;26/02/2024;19306384;high
TB2382;PC - Financeiro;question;closed;29/04/2024;09/05/2024;20016431;low
T52576;PRIME RM RH;question;closed;03/09/2024;20/09/2024;21139624;low
T60726;CST - Contratos Padrão e Select;task;closed;21/01/2025;21/01/2025;22410042;normal
TB4442;PC - Financeiro;question;closed;08/11/2024;21/11/2024;21749565;low
TEZIRS;CST - Contratos Padrão e Select;task;closed;27/01/2025;27/01/2025;22463517;normal
TFCKV3;PC - Financeiro;question;closed;20/05/2024;04/06/2024;20195846;low
T60617;CST - Contratos Padrão e Select;question;closed;07/02/2025;03/03/2025;22603915;low
T79168;Datasul Recursos Humanos;question;closed;10/09/2024;25/09/2024;21210528;low
TEZFHG;Protheus Manufatura;question;closed;01/02/2024;14/02/2024;19203188;high
TFDOCD;AGT CLOUD RM STD;question;closed;24/04/2024;02/05/2024;19978574;normal
TFBMB3;TOTVS Chef Corporativo;question;closed;28/11/2024;18/12/2024;21926140;low
TEZMJ3;AGT CLOUD RM STD;question;closed;15/04/2024;23/04/2024;19900987;high
T17146;Protheus Automação Comercial;question;closed;02/07/2024;02/07/2024;20575528;normal
TFCYEG;AGT CLOUD RM STD;incident;closed;19/11/2024;28/11/2024;21847158;normal
TFDEM3;TOTVS Processos Fiscais;question;closed;17/06/2024;28/06/2024;20444107;high
T22345;AGT CLOUD RM STD;question;closed;23/01/2025;30/01/2025;22448412;normal
T79168;Datasul Recursos Humanos;incident;closed;31/01/2024;13/03/2024;19193800;low
T55554;TPD CSO;problem;closed;28/02/2024;14/03/2024;19463479;normal
TFCXA8;AGT CLOUD RM STD;task;closed;26/08/2024;02/09/2024;21072203;low
TFCXA8;RM Gestão de Pessoas & SSO;question;closed;10/02/2025;19/02/2025;22614552;low
TB4359;PC - Financeiro;question;closed;27/09/2024;08/10/2024;21379133;high
T49432;PRIME RM RH;question;closed;10/01/2024;24/01/2024;18998050;high
TEZDFJ;CST - Contratos Padrão e Select;task;closed;17/02/2025;17/02/2025;22703787;normal
TCBG82;TOTVS Chef Corporativo;question;closed;22/02/2024;06/03/2024;19412469;low
T75573;TOTVS WMS SaaS;question;closed;08/01/2024;17/01/2024;18971409;high
TFDBAQ;PC - Financeiro;question;closed;26/01/2024;06/02/2024;19153603;low
TFBMB3;TOTVS Chef Corporativo;question;closed;08/08/2024;09/08/2024;20920064;low
T12377;TOTVS WMS SaaS;problem;closed;31/01/2025;06/02/2025;22520562;normal
T07810;Protheus Automação Comercial;question;closed;03/01/2024;12/01/2024;18929780;low
T02984;CST - Contratos Padrão e Select;question;closed;01/11/2024;14/02/2025;21676508;low
T37094;RM Gestão de Pessoas & SSO;question;closed;24/06/2024;04/07/2024;20503342;low
TFDPNU;TOTVS Chef Corporativo;question;closed;20/12/2024;16/01/2025;22161789;high
T12132;Reversão Canc/Ouvidoria;question;closed;28/08/2024;17/09/2024;21093583;normal
TCASEN;TOTVS Chef Corporativo;question;closed;19/08/2024;02/09/2024;21014382;low
TFDDO0;AGT CLOUD RM STD;task;closed;10/12/2024;17/12/2024;22039467;low
TFCJEG;Protheus SPED;question;closed;10/07/2024;26/07/2024;20647702;low
T05353;Protheus SPED;question;closed;05/09/2024;16/10/2024;21166795;low
TDC1J8;Consinco Recebimento e Expedição de Loja;question;closed;17/10/2024;08/11/2024;21564156;low
TFDQW1;TOTVS Chef Corporativo;question;closed;31/05/2024;14/06/2024;20291153;normal
T13659;Protheus SPED;question;closed;17/05/2024;29/05/2024;20192828;normal
TEZOVP;TCRM GC - Suporte Padrão;question;closed;06/03/2025;17/03/2025;22843759;normal
TDC02G;Consinco Recebimento e Expedição de Loja;question;closed;29/05/2024;27/06/2024;20280041;low
TB1197;TPD CSO;question;closed;02/08/2024;16/08/2024;20863071;high
T57397;RM Framework;question;closed;24/09/2024;10/10/2024;21341990;low
T05077;AGT CLOUD RM STD;question;closed;06/09/2024;13/09/2024;21172033;low
TEZOD5;TOTVS Chef Corporativo;question;closed;07/03/2024;21/03/2024;19554097;low
TCAWRC;TOTVS Chef Corporativo;question;closed;02/12/2024;04/12/2024;21961224;high
TFD879;CST - Contratos Padrão e Select;question;closed;16/01/2025;31/01/2025;22364393;low
TB4035;PC - Financeiro;question;closed;22/02/2024;22/02/2024;19410513;low
TFDO85;TOTVS Chef Corporativo;question;closed;11/11/2024;27/11/2024;21767234;low
T40143;AGT CLOUD RM STD;task;closed;06/05/2024;10/05/2024;20060371;low
TFCTRB;Protheus Automação Comercial;question;closed;18/01/2024;29/01/2024;19083203;low
T02984;TOTVS Chef Corporativo;question;closed;15/02/2024;25/03/2024;19331600;urgent
T01436;CST - Contratos Padrão e Select;task;closed;21/02/2025;21/02/2025;22754324;normal
TFDNGM;TOTVS Chef Corporativo;problem;hold;06/02/2025;17/03/2025;22593960;high
T57936;Fábrica Consinco;question;closed;31/01/2025;19/03/2025;22524051;low
TEZNGU;Datasul Recursos Humanos;task;closed;11/01/2024;19/02/2024;19014655;high
TEZHM6;Protheus Automação Comercial;question;closed;09/08/2024;04/09/2024;20928312;normal
TCAL80;TOTVS Chef Corporativo;question;closed;21/11/2024;04/12/2024;21867311;low
T07616;CST - Contratos Padrão e Select;question;closed;02/12/2024;08/01/2025;21955142;low
T11318;PC - Financeiro;question;closed;17/01/2024;06/02/2024;19068772;normal
T74304;CPT CLOUD DATASUL STD;question;closed;20/02/2024;10/03/2024;19388044;low
TFDA37;AGT CLOUD RM STD;question;closed;19/01/2024;26/01/2024;19096121;low
TFDNEH;Consinco PDV Infra e Monitor;question;closed;20/09/2024;30/09/2024;21319214;low
TFCPGO;Prime Protheus Faturamento;question;open;24/03/2025;24/03/2025;23028137;normal
TEZOOL;RM Gestão de Pessoas & SSO;question;closed;08/02/2024;28/02/2024;19282057;normal
T30616;RM Framework;question;closed;27/05/2024;13/06/2024;20255935;low
T78573;Datasul Recursos Humanos;question;closed;29/01/2024;09/02/2024;19177679;normal
TFCXA8;AGT CLOUD RM STD;question;closed;02/01/2024;07/01/2024;18924684;low
T48579;AGT CLOUD RM STD;question;closed;16/01/2024;25/01/2024;19050668;low
T61500;Protheus SPED;question;closed;16/01/2024;31/01/2024;19051475;normal
TEZIIF;RM Gestão de Pessoas & SSO;question;closed;27/02/2025;11/03/2025;22804787;normal
T48579;AGT CLOUD RM STD;question;closed;02/12/2024;12/12/2024;21952841;low
TFCWMV;Protheus Manufatura;question;closed;12/09/2024;24/09/2024;21241488;high
TFBGUG;PC - Financeiro;question;closed;28/08/2024;11/09/2024;21096771;low
TFCFEH;AGT CLOUD RM STD;question;closed;02/02/2024;09/02/2024;19228365;low
TCAWRC;TOTVS Chef Corporativo;question;closed;04/02/2025;17/02/2025;22547260;normal
TFDDO0;AGT CLOUD RM STD;question;closed;23/09/2024;29/09/2024;21326660;low
TFDJLF;AGT CLOUD RM STD;question;closed;24/10/2024;07/11/2024;21615175;low
TEWTYL;CPT CLOUD DATASUL STD;question;closed;28/11/2024;04/12/2024;21926867;high
T34551;RM Gestão de Pessoas & SSO;question;closed;24/05/2024;05/06/2024;20243146;low
T78253;Datasul Recursos Humanos;question;closed;16/01/2025;05/02/2025;22366279;normal
T12653;TOTVS WMS SaaS;problem;closed;05/02/2025;28/02/2025;22571281;high
TFBOL6;TOTVS Chef Corporativo;problem;closed;26/04/2024;09/05/2024;19996974;high
T53357;Logix Controladoria;question;closed;25/04/2024;07/05/2024;19984938;low
TCAWRC;TOTVS Chef Corporativo;question;closed;20/02/2025;06/03/2025;22746423;normal
TDC0T5;Prime Supermercados - Consultoria;task;closed;14/08/2024;10/09/2024;20970053;high
TFCRW9;CST - Contratos Padrão e Select;task;closed;10/01/2025;10/01/2025;22296776;normal
TAAQPD;Protheus SPED;question;closed;08/03/2024;27/03/2024;19558042;low
TB1645;PC - Financeiro;question;closed;21/10/2024;21/10/2024;21579718;low
TEYIZV;Protheus SPED;question;closed;03/06/2024;23/07/2024;20301529;low
T57157;TOTVS Chef Corporativo;question;closed;01/08/2024;15/08/2024;20852763;normal
TFDQW1;TOTVS Chef Corporativo;question;closed;16/05/2024;31/05/2024;20180892;low
TFCTM2;CST - Contratos Padrão e Select;task;closed;16/01/2025;16/01/2025;22373934;normal
TB1645;PC - Financeiro;question;closed;13/11/2024;13/11/2024;21789737;low
TFBYNF;TOTVS Chef Corporativo;incident;closed;02/10/2024;15/10/2024;21415176;normal
T79375;Datasul Recursos Humanos;question;closed;03/04/2024;15/04/2024;19788197;low
T46457;AGT CLOUD RM STD;question;closed;24/01/2024;28/01/2024;19130863;low
TEZI93;Cloud Customer Success;question;closed;15/10/2024;21/10/2024;21540576;low
TFDJMF;Protheus SPED;question;closed;25/04/2024;16/05/2024;19995603;high
TFCPWG;Fábrica Consinco;task;hold;27/02/2025;19/03/2025;22805573;low
T58219;Prime Protheus Faturamento;question;solved;17/03/2025;24/03/2025;22970165;low
T19751;Protheus SPED;question;closed;10/10/2024;29/10/2024;21496216;low
TFCVY1;AGT CLOUD RM STD;task;closed;04/09/2024;13/09/2024;21149731;low
T37094;RM Gestão de Pessoas & SSO;question;closed;11/04/2024;11/04/2024;19862566;normal
T01205;Protheus Manufatura;question;closed;03/12/2024;12/12/2024;21963299;normal
TCAWRC;TOTVS Chef Corporativo;question;solved;24/03/2025;24/03/2025;23029348;low
TCAL80;CST - Contratos Padrão e Select;task;closed;28/02/2025;25/03/2025;22822521;low
TFDPNU;TOTVS Chef Corporativo;question;closed;07/03/2024;21/03/2024;19555622;low
TFDAP1;Logix WMS;question;closed;08/08/2024;19/08/2024;20922831;low
T74314;Datasul Recursos Humanos;question;closed;12/04/2024;10/05/2024;19871367;normal
TFCTRB;TOTVS TEF - SERVIÇOS;question;closed;10/06/2024;21/06/2024;20375153;normal
TB0598;PC - Financeiro;question;closed;12/11/2024;28/11/2024;21788425;normal
TEZCRS;Protheus SPED;problem;closed;02/02/2024;14/02/2024;19226831;normal
T07499;Reversão Canc/Ouvidoria;question;solved;10/03/2025;24/03/2025;22874527;normal
TFCXA8;AGT CLOUD RM STD;question;closed;12/09/2024;18/09/2024;21237714;low
TFCWMV;CPT CLOUD DATASUL STD;question;closed;02/08/2024;09/08/2024;20865573;low
T57157;TOTVS Chef Corporativo;question;closed;10/09/2024;23/09/2024;21205628;low
TCATXY;Consinco Contábil;question;closed;30/01/2025;06/02/2025;22513662;normal
T55302;Cloud Customer Success;question;closed;04/07/2024;10/08/2024;20608078;low
T05691;PRIME RM RH;question;pending;21/03/2025;24/03/2025;23021174;normal
TCAL80;TOTVS Chef Corporativo;question;closed;01/10/2024;11/10/2024;21395685;normal
TFDQW1;TOTVS Chef Corporativo;question;closed;04/07/2024;17/07/2024;20597163;low
TDC1J9;Fábrica Consinco;question;closed;20/09/2024;16/10/2024;21323820;normal
TFDAS5;TOTVS Chef Corporativo;question;closed;10/09/2024;24/09/2024;21208047;low
T03120;RM Gestão de Pessoas & SSO;question;closed;20/12/2024;03/01/2025;22154534;normal
TDC0T5;Prime Supermercados - Consultoria;question;closed;04/07/2024;22/07/2024;20603897;normal
TFBGUG;PC - Financeiro;problem;closed;25/06/2024;05/08/2024;20512041;low
T08492;Protheus SPED;question;closed;25/04/2024;08/05/2024;19994079;normal
TFBGUG;PC - Financeiro;question;closed;05/02/2024;05/02/2024;19245882;low
T12377;TOTVS WMS SaaS;question;closed;30/01/2025;10/02/2025;22513501;low
TEZCO9;Protheus SPED;question;closed;01/07/2024;10/07/2024;20566337;normal
TCAWRC;TOTVS Chef Corporativo;question;closed;30/01/2025;13/02/2025;22513329;low
TFDPNU;TOTVS Chef Corporativo;question;solved;21/03/2025;21/03/2025;23020349;normal
TFBTQW;PC - Financeiro;question;closed;12/01/2024;10/04/2024;19021365;normal
TFDJLF;AGT CLOUD RM STD;question;closed;12/07/2024;19/07/2024;20682302;normal
TCAKDA;CST - Contratos Padrão e Select;task;closed;09/01/2025;09/01/2025;22280963;normal
TEWTYL;CPT CLOUD DATASUL STD;question;closed;03/01/2024;13/01/2024;18936130;high
TFDBAQ;PC - Financeiro;question;closed;17/06/2024;26/06/2024;20445255;low
TFDEBT;AGT CLOUD RM STD;question;closed;16/05/2024;22/05/2024;20169152;normal
T48228;AGT CLOUD RM STD;question;closed;06/02/2024;12/02/2024;19256385;normal
TFCYFC;RM Framework;question;closed;19/06/2024;28/06/2024;20464560;low
TFCPWG;Consinco Recebimento e Expedição de Loja;question;closed;18/10/2024;07/11/2024;21567000;high
T46585;AGT CLOUD RM STD;question;closed;22/11/2024;26/11/2024;21877725;low
TEZO13;AGT CLOUD RM STD;question;closed;22/03/2024;26/03/2024;19697376;low
TFCEMY;Protheus SPED;question;closed;17/01/2024;02/02/2024;19068978;low
T44012;AGT CLOUD RM STD;question;closed;22/07/2024;22/07/2024;20766677;low
T56348;TPD CSO;problem;closed;09/09/2024;02/10/2024;21192746;low
TFDNGM;TOTVS Chef Corporativo;problem;closed;07/03/2024;19/03/2024;19542529;normal
TEZDWI;Cloud Customer Success;question;closed;25/04/2024;09/06/2024;19995272;normal
TFDQF6;TOTVS Chef Corporativo;question;closed;07/12/2024;20/12/2024;22020795;high
T57157;TOTVS Chef Corporativo;question;closed;14/02/2024;08/03/2024;19328554;low
TFDCVD;Protheus SPED;task;closed;08/08/2024;20/08/2024;20922869;normal
T25256;AGT CLOUD RM STD;question;closed;06/12/2024;26/12/2024;22017103;low
TFBJPS;RM Gestão de Pessoas & SSO;question;closed;09/05/2024;21/05/2024;20098826;low
TFCLMW;Protheus SPED;question;closed;19/02/2024;29/02/2024;19378222;low
TDC02G;Consinco Recebimento e Expedição de Loja;question;closed;25/10/2024;05/11/2024;21627065;low
T12377;CST - Contratos Padrão e Select;question;open;13/03/2025;21/03/2025;22936980;normal
TFDPNU;TOTVS Chef Corporativo;question;closed;13/11/2024;29/11/2024;21804315;normal
TB2230;PC - Financeiro;question;closed;15/04/2024;25/04/2024;19890408;low
T03120;PRIME RM RH;question;closed;15/08/2024;04/09/2024;20993905;low
TEZNGU;Parceiros Datasul Neogrid Atendimento;question;closed;04/01/2024;22/01/2024;18948812;normal
TFDGKR;AGT CLOUD RM STD;question;closed;11/10/2024;19/10/2024;21499777;low
T05077;AGT CLOUD RM STD;question;closed;02/04/2024;06/04/2024;19766265;high
TFCYEG;AGT CLOUD RM STD;question;closed;04/02/2025;07/02/2025;22559171;low
T52576;RM Gestão de Pessoas & SSO;question;closed;04/06/2024;14/06/2024;20315317;normal
TEZNGU;Datasul Recursos Humanos;question;closed;12/03/2025;21/03/2025;22923283;normal
TCAL80;TOTVS Chef Corporativo;question;pending;17/03/2025;22/03/2025;22968565;low
T61500;Protheus SPED;question;closed;04/07/2024;23/07/2024;20607033;low
T56348;AGT CLOUD RM STD;question;closed;07/10/2024;11/10/2024;21455447;low
TC1348;TOTVS Chef Corporativo;question;closed;08/02/2024;26/02/2024;19291096;low
TFCDRK;PC - Financeiro;question;closed;14/06/2024;25/06/2024;20430137;low
T60726;CST - Contratos Padrão e Select;task;closed;21/01/2025;21/01/2025;22410092;normal
TFBGUG;PC - Financeiro;question;closed;03/04/2024;12/04/2024;19790771;normal
T23793;PC - Financeiro;question;closed;26/07/2024;06/08/2024;20803634;low
TFBGUG;PC - Financeiro;question;closed;02/07/2024;11/07/2024;20572091;low
TFDA37;AGT CLOUD RM STD;question;closed;23/04/2024;29/04/2024;19966582;low
T14449;Protheus SPED;question;closed;12/03/2024;21/03/2024;19595529;low
TFCKB8;CST - Contratos Padrão e Select;task;closed;08/01/2025;12/02/2025;22261304;low
T40143;AGT CLOUD RM STD;question;closed;25/06/2024;29/06/2024;20510811;low
TFDGMZ;TOTVS Chef Corporativo;incident;closed;05/12/2024;17/12/2024;21998606;normal
TCAL80;TOTVS Chef Corporativo;question;closed;19/02/2025;05/03/2025;22727469;low
TFCTRB;TOTVS TEF - SERVIÇOS;question;closed;10/06/2024;21/06/2024;20368514;normal
TFDOY7;TOTVS Chef Corporativo;question;closed;05/08/2024;16/08/2024;20874779;high
T03120;FÁBRICA RM - CUSTOMIZAÇÃO PORTFÓLIO PLAT & SEG;question;closed;10/02/2025;27/02/2025;22613466;low
T05077;AGT CLOUD RM STD;question;closed;12/01/2024;18/01/2024;19021320;low
TFCVTU;TOTVS Chef Corporativo;question;closed;26/02/2024;22/03/2024;19445122;low
TFCVY1;AGT CLOUD RM STD;question;closed;31/10/2024;07/11/2024;21665693;low
TFBMB3;TOTVS Chef Corporativo;question;solved;25/03/2025;25/03/2025;23044061;normal
TAAC31;Protheus Manufatura;question;closed;14/02/2025;15/02/2025;22685926;normal
TFDNG1;Protheus SPED;question;closed;19/07/2024;07/08/2024;20744738;low
TFDAS5;TOTVS Chef Corporativo;question;closed;26/09/2024;09/10/2024;21363076;low
T02984;TOTVS Chef Corporativo;question;closed;06/02/2024;20/02/2024;19264103;high
TEVVTC;Protheus Manufatura;question;closed;01/10/2024;08/10/2024;21396152;low
TEZNGU;Parceiros Datasul Neogrid Atendimento;question;closed;01/04/2024;11/04/2024;19760460;normal
TFDJLF;AGT CLOUD RM STD;task;closed;16/01/2024;23/01/2024;19054829;high
TFBGUG;PC - Financeiro;question;closed;06/02/2024;16/02/2024;19260321;low
TB2240;Reversão Canc/Ouvidoria;question;solved;11/03/2025;17/03/2025;22904258;normal
TEZDFJ;Protheus Manufatura;question;closed;23/09/2024;30/09/2024;21336167;normal
TEZNGU;Parceiros Datasul Neogrid Atendimento;question;closed;20/02/2024;11/03/2024;19387925;high
T46585;AGT CLOUD RM STD;question;closed;10/07/2024;10/07/2024;20647961;urgent
TB2025;PC - Financeiro;question;closed;22/01/2024;02/02/2024;19109512;low
T03120;PRIME RM RH;question;closed;24/04/2024;23/05/2024;19977763;low
T78253;Datasul Recursos Humanos;question;closed;25/07/2024;05/08/2024;20793418;normal
T46585;AGT CLOUD RM STD;task;closed;14/08/2024;21/08/2024;20970257;low
TEWTYL;CST - Contratos Padrão e Select;question;closed;25/11/2024;30/12/2024;21892163;normal
T43138;Protheus SPED;question;closed;09/01/2024;18/01/2024;18981423;low
TEZGIV;Protheus Manufatura;question;closed;17/09/2024;27/09/2024;21279213;normal
T14472;Parceiros Datasul Neogrid Atendimento;question;closed;15/02/2024;26/02/2024;19341428;low
TFBMB3;TOTVS Chef Corporativo;question;closed;04/03/2024;20/03/2024;19507219;normal
TEXVI3;AGT CLOUD RM STD;question;closed;16/12/2024;22/12/2024;22092785;low
T12377;TOTVS WMS SaaS;question;closed;18/02/2025;24/02/2025;22722839;high
T57157;TOTVS Chef Corporativo;question;closed;20/08/2024;02/09/2024;21023638;low
TDC1KP;Consinco Contábil;question;closed;29/10/2024;12/11/2024;21650429;normal
T46457;AGT CLOUD RM STD;question;closed;18/01/2024;18/01/2024;19079507;low
T12653;Protheus SPED;question;closed;29/01/2025;18/02/2025;22489846;low
TCAWRC;TOTVS Chef Corporativo;question;closed;31/01/2025;14/02/2025;22523357;normal
T46585;AGT CLOUD RM STD;question;closed;20/12/2024;30/12/2024;22152246;low
T37248;RM Framework;question;closed;10/02/2025;19/02/2025;22622792;low
T57936;Fábrica Consinco;task;closed;14/05/2024;03/10/2024;20150031;normal
TEZOOL;RM Gestão de Pessoas & SSO;question;closed;25/02/2025;10/03/2025;22783235;low
T36359;AGT CLOUD RM STD;question;closed;26/01/2024;30/01/2024;19158632;low
TFCOKA;TOTVS WMS SaaS;question;closed;17/02/2025;27/02/2025;22700514;high
T05077;AGT CLOUD RM STD;question;closed;11/04/2024;15/04/2024;19857925;low
TEXVI3;AGT CLOUD RM STD;question;closed;16/05/2024;20/05/2024;20174555;low
T54237;CST - Contratos Padrão e Select;task;closed;21/01/2025;21/01/2025;22414381;normal
TFBGUG;PC - Financeiro;question;closed;27/08/2024;05/09/2024;21087421;low
T52473;RM Framework;question;closed;22/01/2025;11/02/2025;22427608;low
TFDJI5;Gestão de Terceiros - Serviços Corporativo;question;closed;12/09/2024;24/09/2024;21235272;low
TFDAP1;Logix WMS;question;closed;16/02/2024;27/02/2024;19356624;low
T03644;Protheus Automação Comercial;question;closed;09/05/2024;28/05/2024;20099633;low
T46457;PRIME RM RH;question;closed;09/05/2024;24/05/2024;20098201;low
TCAWRC;TOTVS Chef Corporativo;question;closed;07/12/2024;20/12/2024;22020692;normal
TEYIZV;CST - Contratos Padrão e Select;task;closed;24/01/2025;24/01/2025;22457010;normal
T05967;CST - Contratos Padrão e Select;question;closed;03/01/2025;22/01/2025;22222899;low
T17078;Protheus Manufatura;question;closed;22/02/2024;01/04/2024;19412717;normal
T61500;Protheus Automação Comercial;question;closed;30/07/2024;20/08/2024;20832240;normal
TFDFBK;AGT CLOUD RM STD;question;closed;20/05/2024;24/05/2024;20207466;high
TFCI62;Protheus Manufatura;question;closed;09/08/2024;20/08/2024;20929265;low
T40143;Cloud Customer Success;task;closed;11/06/2024;08/10/2024;20382256;normal
TFCIAC;TOTVS Chef Corporativo;question;closed;21/03/2024;05/04/2024;19687194;low
TFDCEX;Protheus Automação Comercial;question;closed;27/11/2024;09/12/2024;21916760;normal
TEZEK7;Fábrica Consinco;question;closed;25/01/2024;21/02/2024;19143663;normal
TCAL80;TOTVS Chef Corporativo;question;closed;14/03/2025;14/03/2025;22940082;low
TCAWRC;TOTVS Chef Corporativo;question;closed;20/02/2025;07/03/2025;22751086;normal
T38369;RM Gestão de Pessoas & SSO;question;closed;23/05/2024;04/06/2024;20233200;low
TEZNKW;Protheus SPED;question;closed;08/05/2024;20/05/2024;20084319;normal
TEZNGU;Datasul Recursos Humanos;question;closed;30/08/2024;30/08/2024;21114608;low
TEXVI3;AGT CLOUD RM STD;question;closed;16/05/2024;20/05/2024;20174209;low
T40143;AGT CLOUD RM STD;question;closed;08/08/2024;19/08/2024;20921896;low
T73876;Datasul Recursos Humanos;question;closed;03/02/2025;12/02/2025;22531000;low
TB3493;RM Framework;question;closed;28/05/2024;27/06/2024;20266130;normal
T05077;AGT CLOUD RM STD;task;closed;10/05/2024;17/05/2024;20113166;low
TC1348;TOTVS Chef Corporativo;question;closed;15/04/2024;03/05/2024;19889184;low
TEZNGU;Datasul Recursos Humanos;question;closed;13/02/2025;13/02/2025;22670942;low
TEZDFJ;Protheus Manufatura;question;closed;27/08/2024;05/09/2024;21079432;normal
TEZNGU;Datasul Recursos Humanos;question;closed;31/01/2025;03/02/2025;22526850;low
TEZHDF;AGT CLOUD RM STD;question;closed;19/03/2024;27/03/2024;19663708;low
TEZDFJ;Protheus Manufatura;question;closed;31/01/2024;20/02/2024;19199786;low
T17146;Protheus Automação Comercial;question;closed;12/07/2024;30/07/2024;20674195;low
TEZOOU;TCRM GC - Suporte Padrão;question;closed;24/09/2024;14/10/2024;21344174;low
TEZKDH;PC - Financeiro;question;closed;20/01/2025;29/01/2025;22395436;low
TEZMJ3;Protheus SPED;question;closed;29/07/2024;08/08/2024;20820876;normal
TFBOL6;TOTVS Chef Corporativo;question;closed;07/11/2024;25/11/2024;21738952;normal
T45675;RM Gestão de Pessoas & SSO;question;closed;18/10/2024;24/10/2024;21573341;low
TCAWRC;TOTVS Chef Corporativo;question;closed;06/11/2024;21/11/2024;21714004;normal
TB2482;PC - Financeiro;question;closed;01/11/2024;12/11/2024;21682014;normal
TDC1J9;Consinco Recebimento e Expedição de Loja;question;closed;28/05/2024;04/06/2024;20270930;normal
TB4095;Reversão Canc/Ouvidoria;question;closed;18/02/2025;24/03/2025;22714881;normal
TB2947;PC - Financeiro;question;closed;04/11/2024;27/11/2024;21688467;low
T59297;TOTVS Processos Fiscais;question;closed;21/01/2025;06/02/2025;22418178;normal
T06661;Protheus SPED;question;closed;28/10/2024;13/11/2024;21633486;low
T46585;AGT CLOUD RM STD;question;closed;16/01/2025;25/01/2025;22374432;low
TFBMB3;TOTVS Chef Corporativo;question;closed;01/10/2024;14/10/2024;21404858;low
TB4327;PC - Financeiro;question;closed;03/05/2024;14/05/2024;20042055;low
TCASEN;TOTVS Chef Corporativo;question;closed;18/10/2024;31/10/2024;21573531;low
T19263;RM Gestão de Pessoas & SSO;question;closed;28/10/2024;19/11/2024;21636745;low
TEZM89;RM Gestão de Pessoas & SSO;question;closed;22/02/2024;05/03/2024;19415284;low
T53735;RM Gestão de Pessoas & SSO;question;closed;14/02/2024;26/02/2024;19325033;high
TCASEN;TOTVS Chef Corporativo;question;closed;19/10/2024;01/11/2024;21576203;normal
TFDAS5;TOTVS Chef Corporativo;question;closed;17/04/2024;03/05/2024;19923095;low
TB1645;PC - Financeiro;question;closed;21/10/2024;22/10/2024;21582031;low
T62310;Consinco Recebimento e Expedição de Loja;question;closed;09/09/2024;01/10/2024;21200677;normal
TEWTYL;CPT CLOUD DATASUL STD;question;closed;21/02/2025;06/03/2025;22753932;normal
T61500;Protheus SPED;problem;closed;09/02/2024;18/03/2024;19305674;normal
T47344;RM Framework;question;closed;30/08/2024;17/09/2024;21116543;low
T46457;PRIME RM RH;question;closed;19/08/2024;27/09/2024;21019968;normal
T07912;AGT CLOUD RM STD;question;closed;20/02/2025;24/02/2025;22741149;low
T48228;AGT CLOUD RM STD;question;closed;19/01/2024;26/01/2024;19098527;low
T14535;RM Framework;question;closed;30/08/2024;24/09/2024;21117143;low
TEZOOU;TCRM GC - Suporte Padrão;question;closed;20/05/2024;14/06/2024;20201058;low
TEZKKU;Logix Controladoria;problem;closed;08/10/2024;13/03/2025;21469882;normal
T80088;TOTVS Processos Fiscais;problem;closed;20/08/2024;21/10/2024;21026325;low
T42079;RM Framework;question;closed;09/02/2024;21/02/2024;19298640;low
TC1348;TOTVS Chef Corporativo;question;closed;02/12/2024;20/12/2024;21959420;low
T14449;Protheus SPED;question;closed;13/08/2024;27/08/2024;20951885;normal
T57157;TOTVS Chef Corporativo;question;closed;02/09/2024;17/09/2024;21126091;low
TCBG82;TOTVS Chef Corporativo;question;closed;26/04/2024;13/05/2024;20004637;low
TFCZG2;AGT CLOUD RM STD;question;closed;03/07/2024;10/07/2024;20595583;low
TDC1KP;Consinco Recebimento e Expedição de Loja;question;closed;29/11/2024;29/11/2024;21937826;normal
T03062;Datasul Recursos Humanos;question;closed;13/03/2024;13/03/2024;19604924;normal
TFCVTU;TOTVS Chef Corporativo;question;closed;08/04/2024;22/04/2024;19830184;low
TEXVI3;Protheus SPED;question;closed;25/04/2024;07/05/2024;19986580;normal
TEZKQY;PRIME RM RH;question;closed;09/08/2024;23/08/2024;20934856;low
TFBLNO;RM Framework;question;closed;15/05/2024;03/06/2024;20159193;low
TFDNGM;TOTVS Chef Corporativo;question;closed;18/02/2024;01/03/2024;19363928;normal
T74690;Datasul Recursos Humanos;question;solved;18/03/2025;21/03/2025;22976884;normal
TEZNGU;Datasul Recursos Humanos;question;closed;09/12/2024;09/12/2024;22032798;normal
TEZKKU;Logix Controladoria;problem;pending;20/01/2025;28/02/2025;22401618;normal
TAAC31;Protheus Manufatura;question;closed;16/09/2024;01/10/2024;21265851;high
TFCTWO;Reversão Canc/Ouvidoria;question;closed;19/02/2025;11/03/2025;22735394;normal
TCAWRC;TOTVS Chef Corporativo;question;closed;06/02/2025;20/02/2025;22591896;low
T40143;AGT CLOUD RM STD;question;closed;27/01/2025;02/02/2025;22462416;low
T78253;Datasul Recursos Humanos;incident;closed;12/03/2024;15/04/2024;19583414;normal
TCAWRC;TOTVS Chef Corporativo;problem;closed;01/07/2024;27/08/2024;20564438;normal
TFDJLF;RM Gestão de Pessoas & SSO;question;closed;14/02/2025;07/03/2025;22690564;high
TEZDWI;Protheus SPED;question;closed;23/09/2024;08/10/2024;21336955;low
T46457;PRIME RM RH;question;closed;05/02/2024;23/02/2024;19241373;low
TFDRT1;AGT CLOUD RM STD;question;closed;10/06/2024;17/06/2024;20373584;low
TCAWRC;TOTVS Chef Corporativo;question;closed;03/01/2024;02/02/2024;18931418;low
TFDO81;TOTVS Chef Corporativo;question;closed;18/01/2025;31/01/2025;22391441;low
TFBLFM;CST - Contratos Padrão e Select;task;closed;03/01/2025;03/01/2025;22218872;normal
TFDJLF;AGT CLOUD RM STD;question;closed;23/09/2024;27/09/2024;21336483;low
T32484;Protheus SPED;question;closed;08/04/2024;22/04/2024;19823484;normal
TCAL80;TOTVS Chef Corporativo;question;closed;15/10/2024;29/10/2024;21542539;low
TEYIZV;Protheus SPED;question;pending;21/03/2025;24/03/2025;23018217;low
T52576;PRIME RM RH;question;closed;01/02/2024;16/02/2024;19208481;normal
TFCH84;Datasul Recursos Humanos;question;closed;11/06/2024;27/06/2024;20387369;high
T35324;RM Gestão de Pessoas & SSO;question;closed;03/04/2024;22/04/2024;19779620;high
TB1468;TPD CSO;question;closed;29/07/2024;16/08/2024;20821290;high
T46457;PRIME RM RH;question;closed;08/05/2024;22/05/2024;20087260;low
T32484;Protheus SPED;question;closed;16/05/2024;27/05/2024;20174294;normal
T46585;AGT CLOUD RM STD;question;closed;13/03/2024;19/03/2024;19601613;normal
T00151;Reversão Canc/Ouvidoria;question;closed;01/08/2024;06/09/2024;20856893;low
T61500;Protheus SPED;problem;closed;02/02/2024;27/02/2024;19216862;normal
TFCRWW;Parceiros Datasul Neogrid Atendimento;question;closed;06/02/2024;28/02/2024;19262823;normal
TB2240;PC - Financeiro;question;closed;03/06/2024;12/06/2024;20304136;low
TDC1KY;Consinco PDV Infra e Monitor;question;closed;17/08/2024;29/08/2024;21006729;normal
T49432;PRIME RM RH;question;closed;14/10/2024;07/11/2024;21518538;normal
TFCXA8;AGT CLOUD RM STD;task;closed;13/01/2025;14/01/2025;22318079;low
TEXVIX;Protheus SPED;question;closed;26/02/2025;19/03/2025;22799579;normal
TFCYEG;AGT CLOUD RM STD;question;closed;30/01/2025;05/02/2025;22502418;low
T32065;DRG RJ - Alocações;question;closed;29/05/2024;17/06/2024;20284068;normal
TFDQUK;TOTVS Chef Corporativo;question;closed;11/12/2024;26/12/2024;22061121;low
TB5707;TOTVS TEF - SERVIÇOS;question;closed;03/07/2024;16/07/2024;20593464;normal
T17348;Protheus Automação Comercial;question;closed;09/05/2024;20/05/2024;20096569;normal
TEVNT2;CST - Contratos Padrão e Select;question;closed;05/12/2024;06/01/2025;21999924;low
T79941;Datasul Recursos Humanos;incident;closed;20/03/2024;10/07/2024;19674823;low
TCBG82;TOTVS Chef Corporativo;problem;closed;18/05/2024;31/05/2024;20194795;normal
T52576;PRIME RM RH;question;closed;12/01/2024;14/02/2024;19021486;low
TEZOD5;TOTVS Chef Corporativo;question;closed;26/06/2024;09/07/2024;20523794;low
TEZDI9;Protheus SPED;question;closed;15/04/2024;09/05/2024;19900965;high
T23248;RM Framework;question;closed;12/11/2024;26/11/2024;21785004;low
TFDNGM;TOTVS Chef Corporativo;question;closed;27/11/2024;10/12/2024;21923284;low
TCBG82;TOTVS Chef Corporativo;question;closed;02/05/2024;16/05/2024;20032507;low
TCBG82;TOTVS Chef Corporativo;question;closed;05/11/2024;21/11/2024;21705823;normal
T32484;RM Framework;question;closed;26/04/2024;15/05/2024;20001405;low
TEZVOV;AGT CLOUD RM STD;question;closed;21/10/2024;28/10/2024;21584590;high
T50372;RM Gestão de Pessoas & SSO;question;closed;03/01/2024;15/01/2024;18938280;normal
TFBMB3;TOTVS Chef Corporativo;question;closed;13/02/2025;26/02/2025;22665932;normal
TFDEL1;TOTVS Chef Corporativo;incident;closed;27/06/2024;10/07/2024;20543424;normal
TFCVTU;TOTVS Chef Corporativo;question;closed;13/03/2024;18/04/2024;19600825;low
TFDO85;TOTVS Chef Corporativo;question;closed;16/04/2024;30/04/2024;19913998;low
T09817;Reversão Canc/Ouvidoria;question;closed;30/01/2024;22/02/2024;19179812;normal
TCAWRC;TOTVS Chef Corporativo;question;closed;21/12/2024;15/01/2025;22162008;high
T27008;RM Gestão de Pessoas & SSO;question;closed;31/01/2025;17/02/2025;22526388;normal
TFDBKI;TOTVS Chef Corporativo;question;closed;08/03/2024;22/03/2024;19565858;low
T17146;Protheus SPED;question;closed;12/08/2024;02/09/2024;20948574;normal
TFDO85;TOTVS Chef Corporativo;question;closed;12/09/2024;26/09/2024;21238536;low
TFDOBB;AGT CLOUD RM STD;question;closed;18/02/2025;24/02/2025;22712486;low
TB4613;PC - Financeiro;problem;hold;17/03/2025;19/03/2025;22959635;low
TB3347;PC - Financeiro;question;closed;08/01/2025;08/01/2025;22259448;low
TFDQW1;TOTVS Chef Corporativo;question;closed;04/07/2024;16/07/2024;20596787;normal
TFD879;AGT CLOUD RM STD;question;closed;02/09/2024;09/09/2024;21131890;low
TEXHTJ;Parceiros Datasul Neogrid Atendimento;question;closed;08/01/2025;27/01/2025;22273275;normal
T02984;TOTVS Chef Corporativo;question;closed;21/01/2025;06/02/2025;22409503;low
TB2240;PC - Financeiro;question;closed;28/11/2024;10/12/2024;21933086;low
T46457;PRIME RM RH;question;closed;29/10/2024;12/11/2024;21643737;low
TCAWRC;TOTVS Chef Corporativo;question;closed;21/11/2024;04/12/2024;21862282;normal
T48579;AGT CLOUD RM STD;question;closed;19/09/2024;26/09/2024;21310501;low
TDC1KY;Consinco PDV Infra e Monitor;question;closed;13/11/2024;02/12/2024;21794529;normal
TEVOVX;Datasul Recursos Humanos;question;closed;01/07/2024;11/07/2024;20558655;high
TDC02G;Consinco PDV Infra e Monitor;question;closed;19/12/2024;27/12/2024;22142931;normal
T30884;Protheus Manufatura;question;closed;06/06/2024;17/06/2024;20338281;normal
TB4095;PC - Financeiro;question;closed;14/01/2025;23/01/2025;22332690;normal
TFBMB3;TOTVS Chef Corporativo;question;closed;16/01/2025;29/01/2025;22367668;low
T14472;Parceiros Datasul Neogrid Atendimento;question;closed;07/03/2024;02/04/2024;19552573;normal
TFBKZ9;Datasul Recursos Humanos;question;closed;07/02/2025;18/02/2025;22604640;low
TCBNKR;TOTVS Chef Corporativo;question;closed;07/02/2025;20/02/2025;22606198;low
T46585;AGT CLOUD RM STD;question;closed;02/08/2024;08/08/2024;20860697;low
TDC1KP;Consinco Recebimento e Expedição de Loja;incident;closed;10/02/2025;28/02/2025;22625199;normal
T44012;AGT CLOUD RM STD;question;closed;10/05/2024;23/05/2024;20117583;low
T25978;RM Gestão de Pessoas & SSO;question;closed;03/12/2024;23/12/2024;21971096;low
TFDNGM;TOTVS Chef Corporativo;question;closed;17/02/2024;29/02/2024;19363308;low
T27008;RM Gestão de Pessoas & SSO;question;closed;30/04/2024;10/05/2024;20018357;low
TEZLHU;CST - Contratos Padrão e Select;question;closed;27/02/2025;21/03/2025;22815265;low
T46457;PRIME RM RH;question;solved;21/03/2025;24/03/2025;23020261;normal
TFDIM0;Protheus SPED;question;closed;05/09/2024;23/09/2024;21162788;low
TEZDEH;Protheus SPED;question;closed;27/02/2024;07/03/2024;19446002;low
TCASEN;TOTVS Chef Corporativo;task;closed;24/08/2024;05/09/2024;21066907;high
TCAWRC;TOTVS Chef Corporativo;question;closed;06/12/2024;20/12/2024;22009139;low
T46457;PRIME RM RH;question;closed;07/02/2024;06/03/2024;19277397;normal
T78206;Datasul Recursos Humanos;question;closed;29/10/2024;19/11/2024;21644486;low
TFBJPS;CST - Contratos Padrão e Select;question;closed;20/12/2024;16/01/2025;22158025;normal
T16716;TCRM GC - Suporte Padrão;question;closed;12/09/2024;04/11/2024;21243739;normal
TFBSKB;TPD CSO;problem;closed;09/07/2024;26/07/2024;20643795;high
T46457;AGT CLOUD RM STD;question;closed;01/07/2024;01/07/2024;20562463;low
TFCNXT;Protheus SPED;task;hold;12/02/2025;13/03/2025;22658094;normal
T52576;PRIME RM RH;question;closed;05/03/2024;14/05/2024;19519506;normal
TB2382;PC - Financeiro;question;closed;11/06/2024;21/06/2024;20384296;low
TFD879;TOTVS Processos Fiscais;question;closed;01/04/2024;07/04/2024;19761283;low
T75573;Parceiros Datasul Neogrid Atendimento;question;closed;06/02/2024;19/02/2024;19258533;normal
TDC1KP;Consinco Recebimento e Expedição de Loja;question;closed;31/05/2024;15/07/2024;20289652;low
TFDPNU;TOTVS Chef Corporativo;question;closed;15/03/2024;01/04/2024;19641733;low
TCBG82;TOTVS Chef Corporativo;question;closed;29/10/2024;11/11/2024;21649818;low
TFDAP1;Logix WMS;question;closed;23/12/2024;03/01/2025;22165281;low
TEZM89;Protheus SPED;question;closed;27/01/2025;13/02/2025;22472926;normal
T14472;Parceiros Datasul Neogrid Atendimento;question;closed;01/02/2024;14/02/2024;19206375;high
TFDSH1;TOTVS Chef Corporativo;question;closed;15/06/2024;28/06/2024;20432984;low
TFDPNU;TOTVS Chef Corporativo;question;closed;12/12/2024;27/12/2024;22077217;high
TDC01Z;Consinco Recebimento e Expedição de Loja;question;closed;10/03/2025;14/03/2025;22891198;low
T25106;CST - Contratos Padrão e Select;task;closed;22/01/2025;22/01/2025;22427890;normal
TFDPNU;TOTVS Chef Corporativo;question;closed;08/01/2025;22/01/2025;22273069;low
T31057;AGT CLOUD RM STD;question;closed;10/01/2025;10/01/2025;22304049;low
TEZUSY;Parceiros Datasul Neogrid Atendimento;question;closed;17/09/2024;02/10/2024;21282476;low
TFCYOS;PC - Financeiro;question;closed;07/11/2024;21/11/2024;21734747;normal
TB0487;PC - Financeiro;question;closed;21/10/2024;01/11/2024;21579551;normal
TFDPNU;TOTVS Chef Corporativo;question;closed;19/09/2024;03/10/2024;21315615;high
TC1348;TOTVS Chef Corporativo;question;closed;27/06/2024;15/07/2024;20538624;high
T27008;RM Framework;question;closed;05/07/2024;17/07/2024;20615122;low
T62368;Protheus SPED;question;closed;03/06/2024;14/06/2024;20303631;normal
T78573;CST - Contratos Padrão e Select;question;closed;02/01/2025;16/01/2025;22213417;normal
T12825;Protheus SPED;question;closed;19/02/2025;28/02/2025;22731195;normal
TB1231;PC - Financeiro;question;closed;28/10/2024;06/11/2024;21637174;normal
TEZUNZ;Protheus SPED;question;closed;03/07/2024;03/07/2024;20585038;low
TCAKDA;CST - Contratos Padrão e Select;task;closed;09/01/2025;09/01/2025;22280941;normal
TFCWMV;Protheus SPED;question;pending;06/03/2025;21/03/2025;22850371;normal
T10019;Protheus SPED;question;closed;15/10/2024;28/10/2024;21540586;low
T48579;TPD CSO;question;closed;07/01/2025;21/01/2025;22248043;low
TB4598;TPD CSO;question;closed;13/03/2024;05/04/2024;19596425;normal
TCAIVC;TOTVS Chef Corporativo;question;closed;27/08/2024;06/09/2024;21083334;normal
TFBKKT;TPD CSO;question;closed;09/08/2024;23/08/2024;20933380;normal
TDC02G;Consinco Recebimento e Expedição de Loja;problem;closed;22/04/2024;13/06/2024;19957753;low
TEZGIV;Protheus Manufatura;question;closed;03/05/2024;14/05/2024;20052046;normal
T03193;AGT CLOUD RM STD;question;closed;25/09/2024;01/10/2024;21359984;low
TFDOBB;AGT CLOUD RM STD;question;closed;14/11/2024;23/11/2024;21818811;low
TEXY03;AGT CLOUD RM STD;incident;closed;19/11/2024;27/11/2024;21844222;normal
T43138;Protheus SPED;question;closed;22/03/2024;09/04/2024;19703211;low
TFDGGR;AGT CLOUD RM STD;question;closed;14/08/2024;20/08/2024;20973382;low
TEXKSA;RM Framework;question;closed;03/10/2024;14/10/2024;21423699;normal
TFBOM4;AGT CLOUD RM STD;question;closed;31/01/2025;04/02/2025;22522329;low
T12377;TOTVS WMS SaaS;question;closed;24/02/2025;06/03/2025;22772609;high
TFBRJZ;AGT CLOUD RM STD;task;closed;17/10/2024;28/10/2024;21565139;low
T27008;Prime - CNI Customizações;question;closed;15/03/2024;01/04/2024;19632066;high
T31446;Datasul Mercado Internacional;question;closed;26/04/2024;08/05/2024;19999293;high
TB1645;PC - Financeiro;incident;solved;12/03/2025;24/03/2025;22918367;low
T46457;PRIME RM RH;problem;closed;31/07/2024;03/01/2025;20836400;normal
TFBQZU;RM Framework;question;closed;11/06/2024;20/06/2024;20385145;low
T42223;CST - Contratos Padrão e Select;task;closed;04/02/2025;04/02/2025;22550542;normal
T03120;PRIME RM RH;question;pending;17/03/2025;20/03/2025;22972137;high
TFCEMY;Reversão Canc/Ouvidoria;question;closed;24/10/2024;01/11/2024;21617958;normal
T22665;RM Framework;question;closed;10/02/2025;24/02/2025;22613329;normal
TEVNZF;CPT CLOUD DATASUL STD;incident;closed;16/10/2024;20/10/2024;21550560;urgent
TFDQW1;TOTVS Chef Corporativo;question;closed;05/03/2024;19/03/2024;19527565;low
TEZHM6;Protheus SPED;question;closed;29/05/2024;12/06/2024;20282342;normal
TFCEX9;Fábrica Consinco;question;closed;17/01/2025;28/02/2025;22386502;normal
T46457;PRIME RM RH;question;closed;03/10/2024;23/10/2024;21426253;low
TFBKDW;Protheus SPED;question;closed;24/01/2024;07/02/2024;19139535;normal
TB4095;PC - Financeiro;question;closed;09/01/2025;09/01/2025;22279555;low
T07912;AGT CLOUD RM STD;question;closed;31/01/2025;06/02/2025;22524078;low
TFDOY7;TOTVS Chef Corporativo;question;closed;09/07/2024;23/07/2024;20639532;low
T75573;TOTVS WMS SaaS;problem;closed;26/02/2025;11/03/2025;22802056;high
TFBMB3;TOTVS Chef Corporativo;question;closed;23/09/2024;03/10/2024;21328180;low
TB2947;PC - Financeiro;question;closed;06/01/2025;22/01/2025;22231620;low
T32484;Protheus SPED;question;closed;23/02/2024;07/03/2024;19420706;low
T57253;AGT CLOUD RM STD;question;closed;20/02/2025;24/02/2025;22747746;low
TFCPQ6;Protheus SPED;question;closed;29/02/2024;11/03/2024;19477887;low
TFCVIC;Protheus SPED;question;closed;30/01/2024;08/02/2024;19189258;normal
TFDBT7;AGT CLOUD RM STD;task;closed;29/05/2024;07/06/2024;20281013;low
TFCO43;Protheus SPED;question;closed;08/05/2024;17/05/2024;20082036;low
TFCXU9;Protheus SPED;question;closed;06/08/2024;15/08/2024;20891265;low
T53615;Datasul Recursos Humanos;question;closed;02/03/2024;22/03/2024;19493483;low
T75573;Parceiros Datasul Neogrid Atendimento;question;closed;23/10/2024;13/11/2024;21601617;normal
T37831;AGT CLOUD RM STD;task;closed;11/02/2025;18/02/2025;22631689;low
T61500;Protheus SPED;question;closed;19/02/2025;19/02/2025;22726652;low
T57157;TOTVS Chef Corporativo;question;closed;16/07/2024;29/07/2024;20706868;low
T23280;Protheus Automação Comercial;question;closed;23/09/2024;16/10/2024;21337504;high
T07499;Consinco PDV Infra e Monitor;question;closed;02/04/2024;02/04/2024;19769997;normal
T76286;Datasul Recursos Humanos;problem;hold;03/02/2025;28/02/2025;22534850;low
TB1468;PC - Financeiro;question;closed;07/02/2024;19/02/2024;19267268;low
TEZBC3;RM Gestão de Pessoas & SSO;question;closed;01/04/2024;11/04/2024;19758634;low
T02984;TOTVS Chef Corporativo;question;closed;05/06/2024;21/06/2024;20319496;urgent
TFAB04;Protheus SPED;question;closed;03/09/2024;12/09/2024;21136843;low
T94426;RM Framework;question;closed;06/03/2024;15/03/2024;19532453;low
TFBKHT;Protheus Automação Comercial;question;closed;04/09/2024;16/09/2024;21148354;low
TCAWRC;TOTVS Chef Corporativo;question;closed;23/12/2024;08/01/2025;22168889;low
T42079;RM Gestão de Pessoas & SSO;question;closed;16/09/2024;26/09/2024;21273850;normal
T12690;Protheus SPED;question;closed;08/01/2025;17/01/2025;22259766;normal
T84560;Fluig Squad Documentos;question;closed;22/11/2024;06/12/2024;21878097;low
TEZUSY;Parceiros Datasul Neogrid Atendimento;question;closed;24/05/2024;12/06/2024;20245518;high
TEZKHN;Reversão Canc/Ouvidoria;question;closed;23/12/2024;03/01/2025;22169744;normal
T75794;Datasul Recursos Humanos;question;closed;19/03/2024;28/03/2024;19658943;normal
TFBNZV;PC - Financeiro;question;closed;12/04/2024;23/04/2024;19872974;low
T14245;PC - Financeiro;question;closed;30/10/2024;18/11/2024;21655939;normal
TC7801;TOTVS Chef Corporativo;question;closed;27/01/2025;30/01/2025;22468026;high
TDC0T5;Fábrica Consinco;question;closed;18/02/2025;19/03/2025;22719638;low
TEZKQY;PRIME RM RH;question;closed;08/03/2024;22/03/2024;19557931;normal
T11454;PC - Financeiro;question;closed;12/11/2024;27/11/2024;21777289;low
T78658;Datasul Recursos Humanos;question;closed;06/08/2024;21/08/2024;20891211;low
T01901;Protheus Manufatura;question;closed;07/03/2024;20/03/2024;19553836;normal
TFCJST;Cloud Customer Success;question;closed;18/07/2024;04/08/2024;20740353;normal
T53735;Parceiros Datasul Neogrid Atendimento;question;closed;05/12/2024;16/12/2024;21996001;low
T96701;RM Gestão de Pessoas & SSO;question;closed;21/02/2024;04/03/2024;19403265;low
T12377;Protheus Manufatura;question;closed;28/03/2024;09/04/2024;19746225;high
TFDPNU;TOTVS Chef Corporativo;question;closed;09/02/2024;06/03/2024;19306461;low
T56018;RM Gestão de Pessoas & SSO;question;closed;26/01/2024;07/02/2024;19162405;high
T61500;Protheus Automação Comercial;question;closed;25/01/2024;14/02/2024;19151940;normal
TFBSPA;PC - Financeiro;question;closed;11/03/2025;20/03/2025;22893129;low
TDC1KY;Consinco Recebimento e Expedição de Loja;question;closed;31/01/2024;20/02/2024;19195590;low
TFDEBT;AGT CLOUD RM STD;question;closed;19/11/2024;30/11/2024;21843216;low
TFDEDL;AGT CLOUD RM STD;question;closed;05/02/2024;05/02/2024;19233229;low
TEXVI3;AGT CLOUD RM STD;question;closed;28/11/2024;04/12/2024;21929966;low
TFBZ49;TOTVS Chef Corporativo;question;closed;18/09/2024;02/10/2024;21301198;low
T46457;PRIME RM RH;question;closed;04/02/2025;25/02/2025;22552838;high
T43138;RM Framework;question;closed;07/08/2024;16/08/2024;20903180;low
TFDQTE;Reversão Canc/Ouvidoria;question;closed;24/06/2024;26/07/2024;20505769;normal
TFBMB3;TOTVS Chef Corporativo;question;closed;20/09/2024;03/10/2024;21323840;low
TB1398;PC - Financeiro;question;closed;25/04/2024;07/05/2024;19987334;low
T14511;CST - Contratos Padrão e Select;task;closed;22/01/2025;22/01/2025;22424096;normal
TB4815;PC - Financeiro;question;closed;24/02/2025;06/03/2025;22768942;low
TFAB06;Protheus SPED;question;closed;25/11/2024;04/12/2024;21897964;low
TFDAP1;Logix WMS;question;closed;16/12/2024;31/12/2024;22108507;low
T42079;RM Framework;question;closed;24/02/2025;16/03/2025;22767223;low
TFCXHA;PC - Financeiro;question;closed;05/02/2024;15/02/2024;19236905;low
TCBG82;TOTVS Chef Corporativo;question;closed;02/05/2024;16/05/2024;20032655;normal
TEZM89;RM Gestão de Pessoas & SSO;question;closed;26/03/2024;16/04/2024;19728380;normal
TFDGNH;Protheus Manufatura;problem;closed;11/11/2024;12/11/2024;21767189;normal
T11318;PC - Financeiro;question;open;24/03/2025;24/03/2025;23032490;normal
TFCVN8;Consinco Contábil;question;closed;08/11/2024;18/12/2024;21747731;low
T61500;Datasul Recursos Humanos;question;closed;08/01/2025;08/01/2025;22271192;normal
T03013;Parceiros Datasul Neogrid Atendimento;question;closed;06/08/2024;15/08/2024;20891208;normal
TFCS32;Reversão Canc/Ouvidoria;question;solved;11/03/2025;20/03/2025;22908873;normal
T49432;PRIME RM RH;question;closed;13/02/2025;27/02/2025;22675474;normal
T74473;Protheus Automação Comercial;question;closed;08/08/2024;22/08/2024;20924990;low
T61500;Protheus SPED;question;closed;28/03/2024;10/04/2024;19746260;normal
T10869;Protheus Manufatura;question;closed;02/01/2024;18/01/2024;18924528;high
T78206;Datasul Recursos Humanos;question;closed;11/03/2025;20/03/2025;22901160;low
TFCI28;AGT CLOUD RM STD;question;closed;05/07/2024;11/07/2024;20611552;low
T16800;Protheus SPED;task;hold;10/10/2024;13/03/2025;21486209;low
T53357;Logix Controladoria;question;closed;15/04/2024;27/05/2024;19900554;normal
TEZEHW;Fábrica Consinco;question;closed;16/07/2024;11/11/2024;20704594;normal
TCAWRC;TOTVS Chef Corporativo;question;closed;30/01/2025;13/02/2025;22512853;low
TFDTRI;AGT CLOUD RM STD;question;closed;18/12/2024;26/12/2024;22135128;low
TFBZGS;AGT CLOUD RM STD;question;closed;10/12/2024;12/12/2024;22048860;low
T46457;PRIME RM RH;question;closed;11/03/2024;25/03/2024;19572617;normal
T61585;Datasul Recursos Humanos;question;closed;12/12/2024;30/12/2024;22076929;low
TEZOOU;Parceiros Datasul Neogrid Atendimento;question;closed;15/01/2024;05/02/2024;19038791;normal
T17078;Protheus Manufatura;question;closed;30/08/2024;12/09/2024;21114094;normal
TB1645;PC - Financeiro;question;closed;12/11/2024;25/11/2024;21783534;normal
TEXVIX;Protheus Automação Comercial;question;closed;20/11/2024;09/12/2024;21856940;high
TEZGIV;Protheus Manufatura;question;closed;27/03/2024;08/04/2024;19731568;low
TFDCGT;AGT CLOUD RM STD;question;closed;28/06/2024;04/07/2024;20548548;high
TEZN39;Protheus SPED;question;closed;21/06/2024;02/07/2024;20493473;low
TFDBUD;Protheus Automação Comercial;incident;closed;07/05/2024;19/06/2024;20072333;low
T31057;AGT CLOUD RM STD;question;closed;02/12/2024;02/12/2024;21957327;normal
TB2947;PC - Financeiro;question;closed;04/02/2025;12/02/2025;22555790;low
TFCVIC;Protheus SPED;question;closed;06/05/2024;15/05/2024;20061483;low
TB1339;PC - Financeiro;question;closed;05/11/2024;25/11/2024;21703505;low
TFCIXR;TOTVS Chef Corporativo;question;closed;24/02/2025;11/03/2025;22770926;normal
TFBRJZ;AGT CLOUD RM STD;question;closed;10/10/2024;10/10/2024;21488287;low
T31446;Datasul Mercado Internacional;question;closed;08/02/2024;21/02/2024;19293382;normal
TFDAP1;Logix WMS;question;closed;26/04/2024;08/05/2024;19999877;normal
TCAL80;TOTVS Chef Corporativo;question;closed;04/11/2024;11/11/2024;21688623;low
T03644;Protheus Manufatura;question;closed;17/10/2024;30/10/2024;21564363;low
TFAB04;Protheus Manufatura;incident;closed;19/07/2024;02/08/2024;20749455;normal
T46457;PRIME RM RH;question;closed;17/08/2024;03/09/2024;21006486;low
T07499;Prime Supermercados - Consultoria;question;closed;18/06/2024;02/07/2024;20457447;normal
T03546;AGT CLOUD RM STD;question;closed;16/04/2024;20/04/2024;19902481;normal
TCAIVC;TOTVS Chef Corporativo;problem;closed;01/10/2024;11/10/2024;21397195;normal
TB2915;PC - Financeiro;question;closed;30/04/2024;14/05/2024;20021125;low
T40143;RM Framework;question;closed;03/04/2024;19/04/2024;19779122;low
TB2947;PC - Financeiro;question;closed;16/12/2024;08/01/2025;22094183;low
TFDOM0;TOTVS Chef Corporativo;question;solved;10/03/2025;18/03/2025;22878526;low
TFDNGM;TOTVS Chef Corporativo;question;closed;26/09/2024;09/10/2024;21369342;low
TFDO81;TOTVS Chef Corporativo;question;closed;06/03/2025;20/03/2025;22854605;low
TFDFR2;PC - Financeiro;question;closed;03/03/2025;06/03/2025;22829135;low
T12377;TOTVS WMS SaaS;problem;closed;20/02/2025;26/02/2025;22741433;high
TFCQGF;Reversão Canc/Ouvidoria;question;closed;29/07/2024;28/08/2024;20817601;normal
T94503;Protheus SPED;question;closed;27/01/2025;12/02/2025;22470088;low
TB3721;PC - Financeiro;question;closed;27/11/2024;06/12/2024;21922446;low
T74657;Datasul Recursos Humanos;question;closed;15/04/2024;24/04/2024;19886664;low
TEZJ23;Parceiros Datasul Neogrid Atendimento;question;closed;20/11/2024;09/12/2024;21856373;normal
T08492;Protheus SPED;question;closed;12/12/2024;31/12/2024;22071747;low
TC0263;PC - Financeiro;question;closed;26/09/2024;14/10/2024;21365460;low
T25978;AGT CLOUD RM STD;question;closed;08/02/2024;15/02/2024;19286025;low
TCAL80;TOTVS Chef Corporativo;question;closed;18/03/2024;11/04/2024;19654552;high
T17348;Protheus Automação Comercial;question;closed;25/02/2025;14/03/2025;22782991;low
T61412;SST by NG (Quírons);question;closed;25/03/2024;10/04/2024;19715164;low
TFCVVU;AGT CLOUD RM STD;question;closed;15/02/2024;21/02/2024;19344178;low
TB5707;PC - Financeiro;question;closed;21/01/2025;30/01/2025;22418295;low
TFCA40;Prime Supermercados - Consultoria;question;closed;28/11/2024;09/01/2025;21936049;normal
T52926;AGT CLOUD RM STD;question;closed;30/09/2024;30/09/2024;21389694;low
TFCPX2;Protheus SPED;question;closed;20/12/2024;09/01/2025;22160392;high
TEWBPM;SOUTH CLOUD STD CRÍTICOS;incident;closed;18/01/2024;24/01/2024;19076953;urgent
TFDO85;TOTVS Chef Corporativo;question;closed;10/07/2024;24/07/2024;20654168;low
TEVVTC;Protheus Manufatura;question;closed;23/04/2024;03/05/2024;19964823;low
TFCWQY;Consinco Recebimento e Expedição de Loja;question;closed;06/05/2024;20/05/2024;20063722;low
TB3150;AMS Winthor;question;open;17/02/2025;17/03/2025;22701747;low
TCAIVC;TOTVS Chef Corporativo;question;closed;17/07/2024;31/07/2024;20725103;low
T49432;RM Framework;question;closed;25/03/2024;11/04/2024;19715111;low
T52372;RM Framework;question;closed;11/11/2024;25/11/2024;21762222;low
T48579;AGT CLOUD RM STD;question;closed;21/06/2024;25/06/2024;20488811;low
TEZGCY;Reversão Canc/Ouvidoria;question;closed;05/02/2025;28/02/2025;22574300;normal
T76120;CPT CLOUD DATASUL STD;question;closed;01/08/2024;11/08/2024;20852379;normal
T07499;Consinco Recebimento e Expedição de Loja;question;closed;09/07/2024;29/07/2024;20635557;low
T48579;AGT CLOUD RM STD;question;closed;28/11/2024;04/12/2024;21929092;low
TB2482;PC - Financeiro;question;closed;04/01/2024;15/01/2024;18942734;low
TEXKSA;RM Gestão de Pessoas & SSO;question;closed;07/03/2025;07/03/2025;22859692;normal
T46457;PRIME RM RH;question;closed;22/04/2024;02/05/2024;19955189;normal
TFDOXA;PC - Financeiro;question;closed;17/09/2024;26/09/2024;21287255;low
TEZGIV;Protheus Manufatura;question;closed;23/04/2024;03/05/2024;19966923;normal
T75004;Datasul Recursos Humanos;question;closed;11/03/2024;31/03/2024;19576350;low
T17146;Protheus Automação Comercial;question;closed;24/07/2024;09/08/2024;20789331;low
TFDTMX;TOTVS Chef Corporativo;problem;closed;06/07/2024;18/07/2024;20623715;high
TB3721;PC - Financeiro;question;closed;08/10/2024;09/10/2024;21468676;normal
TAAQPD;Protheus SPED;question;closed;20/03/2024;09/04/2024;19678737;low
TB4815;PC - Financeiro;question;closed;02/10/2024;02/10/2024;21407171;low
TEZDEH;Protheus SPED;question;closed;26/08/2024;05/09/2024;21074511;normal
TFCIXR;TOTVS Chef Corporativo;question;closed;06/11/2024;22/11/2024;21722119;normal
TEZHE7;AGT CLOUD RM STD;question;closed;23/08/2024;23/08/2024;21062757;low
TFBSWH;RM Framework;question;closed;19/09/2024;03/10/2024;21314544;normal
TB4359;PC - Financeiro;question;closed;21/08/2024;03/09/2024;21033515;normal
TAA750;Protheus Automação Comercial;question;closed;19/02/2025;10/03/2025;22727125;low
TEZO13;AGT CLOUD RM STD;question;closed;19/08/2024;26/08/2024;21012155;low
TFDNGM;TOTVS Chef Corporativo;question;closed;21/02/2024;05/03/2024;19400820;low
TEXVI3;AGT CLOUD RM STD;question;closed;03/02/2025;09/02/2025;22529316;low
TFDJMK;Protheus SPED;question;solved;27/02/2025;24/03/2025;22815041;normal
T84733;Datasul Recursos Humanos;task;closed;23/01/2024;19/02/2024;19122067;low
T36438;RM Framework;question;closed;21/02/2025;24/02/2025;22757637;low
TCAWRC;TOTVS Chef Corporativo;question;closed;26/11/2024;09/12/2024;21908119;low
TFDQW1;TOTVS Chef Corporativo;question;closed;01/05/2024;15/05/2024;20028636;normal
TFAB04;Protheus Automação Comercial;question;closed;30/08/2024;10/09/2024;21117316;low
T06925;Parceiros Datasul Neogrid Atendimento;question;closed;26/09/2024;07/10/2024;21368752;normal
T44012;AGT CLOUD RM STD;question;closed;09/01/2025;13/01/2025;22294179;low
T54838;AGT CLOUD RM STD;question;closed;12/02/2025;18/02/2025;22647819;low
T77520;CPT CLOUD DATASUL STD;question;closed;29/01/2025;03/02/2025;22489311;high
TEZOOU;Parceiros Datasul Neogrid Atendimento;question;closed;29/01/2024;29/01/2024;19171015;normal
TDC1NE;Consinco Recebimento e Expedição de Loja;question;closed;27/02/2025;27/02/2025;22810014;normal
T75857;Datasul Recursos Humanos;question;closed;31/01/2024;26/02/2024;19196592;low
TA6145;Protheus SPED;question;closed;08/02/2024;20/02/2024;19287008;low
T14472;Parceiros Datasul Neogrid Atendimento;question;closed;19/06/2024;05/07/2024;20467838;normal
T46585;AGT CLOUD RM STD;question;closed;13/02/2025;17/02/2025;22663897;low
T61500;Datasul Recursos Humanos;question;closed;08/01/2025;08/01/2025;22270373;normal
T32484;RM Gestão de Pessoas & SSO;question;closed;19/06/2024;28/06/2024;20466016;normal
TCAIVC;TOTVS Chef Corporativo;question;closed;26/02/2024;08/03/2024;19441851;normal
TDC0DE;AGT CLOUD RM STD;question;closed;28/05/2024;06/06/2024;20270896;low
T36224;CST - Contratos Padrão e Select;question;open;20/03/2025;24/03/2025;23008529;normal
TFCYW1;AGT CLOUD RM STD;task;closed;13/03/2024;21/03/2024;19603107;low
T08886;Protheus SPED;question;closed;18/07/2024;29/07/2024;20738654;normal
TC0263;TPD CSO;problem;closed;06/02/2024;12/03/2024;19259257;normal
TFCA40;Prime Supermercados - Consultoria;question;closed;12/11/2024;28/01/2025;21772534;low
T62310;Consinco Contábil;question;closed;23/04/2024;16/05/2024;19964958;normal
TDC1J9;Consinco Recebimento e Expedição de Loja;question;closed;13/11/2024;11/12/2024;21803439;low
T55219;Parceiros Datasul Neogrid Atendimento;question;closed;14/10/2024;23/10/2024;21519743;normal
T49432;PRIME RM RH;question;closed;02/07/2024;16/07/2024;20572720;low
T37248;RM Framework;question;closed;16/12/2024;03/01/2025;22101517;low
TFCLHU;Prime - CNI Customizações;question;closed;21/10/2024;04/11/2024;21581406;low
TEZIHY;CPT CLOUD DATASUL STD;question;closed;22/05/2024;28/05/2024;20221359;normal
TEZOD5;TOTVS Chef Corporativo;question;closed;10/02/2024;26/02/2024;19307410;low
T46585;AGT CLOUD RM STD;question;closed;14/02/2025;20/02/2025;22679705;low
T11180;CST - Contratos Padrão e Select;question;closed;11/02/2025;06/03/2025;22634797;low
TFDQW1;TOTVS Chef Corporativo;question;closed;01/07/2024;12/07/2024;20556470;normal
TEZFGO;Protheus SPED;question;closed;08/04/2024;17/04/2024;19822415;normal
TB5383;PC - Financeiro;question;closed;14/01/2025;17/01/2025;22323940;normal
TAAJVL;CST - Contratos Padrão e Select;task;closed;27/02/2025;27/02/2025;22806143;normal
T48579;RM Framework;question;closed;09/07/2024;06/08/2024;20642260;normal
T01205;Protheus Manufatura;question;closed;11/06/2024;24/06/2024;20382726;high
T76286;Datasul Recursos Humanos;question;closed;05/03/2024;25/03/2024;19525001;low
T57575;RM Gestão de Pessoas & SSO;question;closed;31/01/2024;12/02/2024;19196160;normal
T48579;AGT CLOUD RM STD;question;closed;06/06/2024;14/06/2024;20337272;low
TFCH84;Datasul Recursos Humanos;incident;closed;05/02/2024;10/07/2024;19246315;normal
TEXKQZ;RM Framework;question;closed;19/02/2025;28/02/2025;22729163;low
T57397;Logix WMS;question;closed;11/09/2024;20/09/2024;21221513;normal
TEZM89;RM Gestão de Pessoas & SSO;question;closed;29/02/2024;11/03/2024;19472428;low
TFDR21;TOTVS Chef Corporativo;question;closed;16/01/2025;11/02/2025;22367963;low
T10084;RM Framework;question;closed;28/02/2025;12/03/2025;22817051;low
TFCPG1;Protheus SPED;question;closed;04/10/2024;22/10/2024;21432130;low
TEWLPO;Protheus SPED;task;hold;25/10/2024;04/02/2025;21627721;low
TFCOXY;Protheus SPED;question;closed;19/04/2024;08/05/2024;19945462;low
TFDMIO;CST - Contratos Padrão e Select;question;closed;22/10/2024;17/01/2025;21590452;normal
TFDNGM;TOTVS Chef Corporativo;question;closed;31/10/2024;14/11/2024;21674168;low
TEZO13;AGT CLOUD RM STD;question;closed;11/11/2024;18/11/2024;21766981;low
TFCHC3;Datasul Recursos Humanos;question;closed;02/01/2025;15/01/2025;22213753;low
TEZVOV;AGT CLOUD RM STD;question;closed;18/01/2024;21/02/2024;19080431;low
T78253;Datasul Recursos Humanos;question;closed;14/05/2024;23/05/2024;20136782;low
TFCCIT;PC - Financeiro;question;closed;29/01/2025;18/02/2025;22498156;normal
T16800;Protheus Manufatura;problem;closed;09/02/2024;03/04/2024;19295231;normal
TB3744;PC - Financeiro;question;closed;17/10/2024;07/11/2024;21563360;high
TEZKQY;PRIME RM RH;question;closed;28/02/2024;25/03/2024;19468262;low
TFBJS3;Protheus SPED;question;closed;12/07/2024;23/07/2024;20677092;high
T03558;Protheus Manufatura;question;closed;27/03/2024;08/04/2024;19736393;high
TEZDI9;Protheus SPED;question;closed;07/02/2025;18/02/2025;22606149;low
TEZHEF;Protheus Manufatura;question;closed;25/06/2024;05/07/2024;20520327;normal
TC1348;TOTVS Chef Corporativo;problem;closed;01/08/2024;13/09/2024;20850656;low
T74304;Fábrica Datasul Orçamento;task;closed;17/01/2024;15/02/2024;19075396;low
TFCFT6;AGT CLOUD RM STD;task;solved;13/02/2025;21/02/2025;22673578;low
T76474;Protheus SPED;question;closed;06/08/2024;15/08/2024;20890225;low
TEXCMP;Logix Controladoria;question;closed;12/09/2024;23/09/2024;21231882;normal
TFC668;TOTVS Chef Corporativo;question;closed;12/03/2024;26/03/2024;19590886;low
TFBZI2;TOTVS Chef Corporativo;question;closed;18/10/2024;31/10/2024;21569335;normal
TB6594;PC - Financeiro;question;closed;06/02/2025;17/02/2025;22582858;low
T73876;Datasul Recursos Humanos;incident;closed;05/02/2024;19/02/2024;19240168;low
TB1468;PC - Financeiro;problem;closed;23/10/2024;25/11/2024;21605137;low
T13697;Protheus SPED;question;closed;31/12/2024;10/01/2025;22203932;low
TFD879;AGT CLOUD RM STD;question;closed;03/02/2025;09/02/2025;22529336;low
T61384;Datasul Recursos Humanos;question;closed;13/03/2024;01/04/2024;19598106;low
T36224;CST - Contratos Padrão e Select;question;open;20/03/2025;24/03/2025;23008573;normal
T57546;Protheus Manufatura;question;closed;23/04/2024;10/05/2024;19969772;normal
T75023;CPT CLOUD DATASUL STD;question;closed;06/08/2024;12/08/2024;20887579;low
T56348;PRIME RM RH;question;closed;19/02/2025;06/03/2025;22731785;low
TEZIFJ;Protheus SPED;question;closed;28/10/2024;14/11/2024;21637750;normal
TFDA94;AGT CLOUD RM STD;question;closed;05/02/2025;12/02/2025;22561568;low
T52576;PRIME RM RH;question;closed;04/04/2024;18/04/2024;19792862;normal
TFDQA5;Fábrica Consinco;question;closed;03/10/2024;16/12/2024;21429082;normal
TEZHQP;RM Framework;question;closed;12/02/2025;21/02/2025;22659712;low
TB4359;Reversão Canc/Ouvidoria;question;closed;22/01/2025;14/02/2025;22423993;normal
T80566;TOTVS Processos Fiscais;question;closed;05/02/2025;17/02/2025;22562045;low
TFCRVL;TOTVS Chef Corporativo;question;closed;08/02/2024;22/02/2024;19287555;low
T73876;CPT CLOUD DATASUL STD;question;closed;05/02/2024;27/02/2024;19236341;low
TAAHZV;CST - Contratos Padrão e Select;problem;closed;17/02/2025;06/03/2025;22696462;low
T74690;Datasul Recursos Humanos;question;closed;03/04/2024;12/04/2024;19779702;normal
TB1468;PC - Financeiro;problem;hold;26/11/2024;10/12/2024;21909585;high
TB1059;PC - Financeiro;question;closed;20/02/2025;11/03/2025;22739537;normal
TCBNKR;TOTVS Chef Corporativo;incident;closed;21/08/2024;02/09/2024;21039339;normal
TFBZTD;TPD CSO;question;closed;12/01/2024;26/01/2024;19024201;urgent
TEYIZV;Protheus SPED;question;closed;05/07/2024;16/07/2024;20613741;low
TFATQU;Protheus SPED;question;closed;26/03/2024;05/04/2024;19719680;low
T30884;RM Framework;question;closed;20/05/2024;06/06/2024;20197650;low
TFDO85;TOTVS Chef Corporativo;question;closed;24/09/2024;08/10/2024;21346725;low
TDC1KP;Consinco Recebimento e Expedição de Loja;question;closed;21/03/2024;09/04/2024;19691602;normal
T73876;SOUTH CLOUD STD CRÍTICOS;question;closed;22/02/2024;01/03/2024;19419854;low
TFDKKV;AGT CLOUD RM STD;task;closed;16/07/2024;30/07/2024;20704524;low
TFBGUG;PC - Financeiro;question;closed;26/07/2024;26/07/2024;20804577;low
TFDTMX;TOTVS Chef Corporativo;question;closed;10/07/2024;23/07/2024;20651264;low
T84301;Datasul Recursos Humanos;question;closed;05/04/2024;16/04/2024;19807268;normal
T12377;Fluig Squad Documentos;question;closed;25/06/2024;18/07/2024;20512365;normal
TFCYFC;AGT CLOUD RM STD;question;closed;31/01/2024;06/02/2024;19198616;low
TEZDEH;Protheus SPED;question;closed;10/01/2024;22/01/2024;19001047;high
TFDRZX;AGT CLOUD RM STD;question;closed;13/09/2024;22/09/2024;21254227;normal
T75582;Datasul Mercado Internacional;task;closed;13/06/2024;14/03/2025;20407250;normal
TB2947;PC - Financeiro;question;closed;03/12/2024;12/12/2024;21964317;low
TEZO13;AGT CLOUD RM STD;question;closed;30/01/2024;03/02/2024;19181131;low
TFDNKE;CPT CLOUD DATASUL STD;question;closed;03/06/2024;10/06/2024;20305201;high
T46585;AGT CLOUD RM STD;question;closed;02/07/2024;08/07/2024;20571959;low
TFDOY7;TOTVS Chef Corporativo;question;closed;26/07/2024;09/08/2024;20810891;low
