ï»¿CODIGO_ORGANIZACAO,NOME_GRUPO,TIPO_TICKET,STATUS_TICKET,DT_CRIACAO,DT_ATUALIZACAO,BK_TICKET,PRIORIDADE_TICKET
TFCPWG,FÃ¡brica Consinco,task,closed,2024-11-12,2025-01-02,21787048,low
TB2434,PC - Financeiro,question,closed,2024-05-07,2024-05-16,20066662,normal
TFBYNF,TOTVS Chef Corporativo,question,closed,2024-03-19,2024-04-03,19662250,low
TFCNAD,PC - Financeiro,question,closed,2024-06-25,2024-07-04,20517470,normal
TFDJLF,AGT CLOUD RM STD,question,closed,2024-02-02,2024-02-06,19222316,low
TEZDFJ,Protheus SPED,question,closed,2024-02-06,2024-02-23,19249600,low
TFDIDT,AGT CLOUD RM STD,question,closed,2024-04-05,2024-04-11,19805387,high
TEZIIF,Protheus SPED,question,closed,2024-04-12,2024-04-30,19880177,low
TFDPV1,PC - Financeiro,question,closed,2024-12-18,2024-12-31,22136158,low
TFDPV1,PC - Financeiro,question,closed,2024-02-09,2024-02-26,19304821,low
TFCFEH,AGT CLOUD RM STD,question,closed,2024-02-16,2024-02-22,19353834,low
TFCC64,Logix Controladoria,question,closed,2024-02-27,2024-03-07,19454516,high
T55024,ReversÃ£o Canc/Ouvidoria,question,closed,2024-11-26,2024-12-24,21913043,normal
TFCQL3,PC - Financeiro,question,closed,2025-02-03,2025-02-07,22531671,low
TFDBAQ,PC - Financeiro,question,closed,2024-03-25,2024-04-04,19706231,normal
T79375,Datasul Recursos Humanos,incident,closed,2024-01-23,2024-02-12,19121176,high
TEZOVP,TCRM GC - Suporte PadrÃ£o,question,closed,2024-02-22,2024-03-06,19417120,normal
TFDAS5,TOTVS Chef Corporativo,question,closed,2024-04-14,2024-04-26,19882769,normal
TEZEFG,ReversÃ£o Canc/Ouvidoria,question,closed,2024-07-29,2024-07-30,20823428,normal
TFCPWG,Consinco Recebimento e ExpediÃ§Ã£o de Loja,question,closed,2024-05-07,2024-06-07,20066158,normal
TFDAS5,TOTVS Chef Corporativo,question,closed,2025-02-26,2025-03-12,22792326,low
TFDJLF,AGT CLOUD RM STD,question,closed,2024-03-25,2024-03-30,19712337,normal
TEZOOL,RM GestÃ£o de Pessoas & SSO,question,closed,2024-06-20,2024-07-02,20484491,low
TFCXA8,AGT CLOUD RM STD,question,closed,2024-03-07,2024-03-13,19542690,low
TFCRW9,CST - Contratos PadrÃ£o e Select,task,closed,2025-01-17,2025-01-17,22386675,normal
TFDEZT,CST - Contratos PadrÃ£o e Select,question,closed,2024-12-16,2025-01-20,22104268,normal
TFCQL3,PC - Financeiro,question,closed,2024-07-02,2024-07-11,20569668,low
T31446,Datasul Mercado Internacional,question,closed,2024-03-13,2024-03-22,19596405,high
TFCQL3,PC - Financeiro,question,closed,2024-01-31,2024-02-09,19198972,low
T12653,CST - Contratos PadrÃ£o e Select,question,closed,2025-02-11,2025-03-13,22637552,low
TFCXA8,AGT CLOUD RM STD,question,closed,2024-10-23,2024-10-30,21605846,normal
T03120,FÃBRICA RM - CUSTOMIZAÃÃO PORTFÃLIO PLAT & SEG,incident,closed,2024-09-03,2024-10-08,21145583,low
TFCUKX,ReversÃ£o Canc/Ouvidoria,question,closed,2024-03-05,2024-03-22,19526445,normal
T57936,Prime Supermercados - Consultoria,question,open,2025-02-14,2025-03-24,22691536,low
TCAWRC,TOTVS Chef Corporativo,question,closed,2024-11-29,2024-12-13,21945420,low
TEZDFJ,Protheus Manufatura,question,closed,2024-04-10,2024-04-19,19852199,normal
TDC02G,Consinco PDV Infra e Monitor,question,closed,2025-02-12,2025-02-14,22649584,low
T73765,Parceiros Datasul Neogrid Atendimento,question,closed,2024-05-07,2024-05-27,20077210,normal
TFCJEG,Protheus SPED,question,closed,2024-05-09,2024-05-27,20098685,low
TFCKV3,TPD CSO,problem,closed,2024-08-03,2024-08-27,20869678,high
TEZMJ3,AGT CLOUD RM STD,question,closed,2025-01-31,2025-02-04,22516042,low
TFDJLF,AGT CLOUD RM STD,question,closed,2024-04-25,2024-05-02,19989865,low
TDC02G,Consinco Recebimento e ExpediÃ§Ã£o de Loja,question,closed,2024-11-12,2024-11-12,21786510,normal
TFCPWG,Consinco Recebimento e ExpediÃ§Ã£o de Loja,question,closed,2024-11-25,2024-12-12,21887807,high
T03120,PRIME RM RH,question,closed,2024-02-06,2024-03-06,19254817,low
TFCQL3,PC - Financeiro,question,closed,2024-05-16,2024-05-27,20178796,normal
TB2947,PC - Financeiro,question,closed,2024-10-31,2024-11-11,21669601,low
TDC02G,Consinco Recebimento e ExpediÃ§Ã£o de Loja,question,closed,2025-02-20,2025-03-12,22751235,low
T14167,Protheus Manufatura,question,closed,2025-01-24,2025-02-06,22456021,normal
TCASEN,TOTVS Chef Corporativo,question,closed,2025-03-11,2025-03-24,22896253,low
T41316,PRIME RM RH,question,solved,2025-03-19,2025-03-23,22995717,low
TFBSWH,RM Framework,question,closed,2024-08-12,2024-08-29,20950524,normal
T57936,Prime Supermercados - Consultoria,question,closed,2024-04-15,2024-04-15,19898996,normal
TFCPWG,Consinco Recebimento e ExpediÃ§Ã£o de Loja,question,closed,2025-01-29,2025-02-07,22496386,low
TEZDFJ,Protheus Manufatura,question,closed,2024-02-05,2024-02-05,19240538,normal
TCAWRC,TOTVS Chef Corporativo,question,closed,2025-01-31,2025-02-13,22517889,low
TB1029,PC - Financeiro,incident,closed,2025-01-28,2025-02-07,22477254,normal
TEZLCP,CST - Contratos PadrÃ£o e Select,question,closed,2025-01-07,2025-02-04,22253297,low
TFCNAD,PC - Financeiro,question,closed,2024-08-26,2024-09-04,21076075,low
TEZDFJ,Protheus Manufatura,question,closed,2024-05-20,2024-06-03,20203208,normal
TEZDFJ,Protheus Manufatura,question,closed,2024-07-23,2024-08-01,20773879,low
TFDOXA,PC - Financeiro,question,closed,2024-09-18,2024-09-27,21301195,normal
TFDI69,TOTVS Chef Corporativo,question,closed,2024-09-10,2024-09-23,21208209,high
TFCPWG,Consinco Recebimento e ExpediÃ§Ã£o de Loja,question,closed,2024-06-27,2024-06-27,20532991,low
TFDFDQ,Protheus SPED,question,closed,2024-05-06,2024-05-24,20061634,normal
T09800,PC - Financeiro,question,closed,2024-11-27,2024-12-06,21918354,low
TFDTVC,TOTVS Chef Corporativo,question,closed,2025-02-22,2025-03-10,22764636,high
T12653,Protheus Manufatura,question,closed,2024-04-04,2024-04-16,19793898,low
TFCGAM,CST - Contratos PadrÃ£o e Select,question,closed,2025-01-02,2025-02-12,22210945,low
TFDOAP,AGT CLOUD RM STD,task,closed,2024-11-13,2024-11-22,21789354,low
T13659,Protheus SPED,question,closed,2024-10-31,2024-11-11,21666943,low
TFDTVC,TOTVS Chef Corporativo,question,closed,2024-09-04,2024-09-18,21153621,low
T03120,FÃBRICA RM - CUSTOMIZAÃÃO PORTFÃLIO PLAT & SEG,question,closed,2024-07-15,2024-08-19,20695155,low
T06178,Protheus Manufatura,question,closed,2024-11-27,2024-12-19,21921420,normal
TFBXZ3,ReversÃ£o Canc/Ouvidoria,question,closed,2024-01-10,2024-01-30,19003353,normal
TFDJLF,AGT CLOUD RM STD,question,closed,2024-08-19,2024-08-27,21009856,low
TFDAS5,TOTVS Chef Corporativo,question,closed,2024-07-09,2024-08-06,20637362,high
T03120,PRIME RM RH,question,closed,2024-03-14,2024-04-12,19620432,normal
TEZDFJ,Protheus Manufatura,question,closed,2024-07-05,2024-07-16,20613209,low
TFDAS5,TOTVS Chef Corporativo,question,closed,2025-02-26,2025-03-12,22792262,low
TFDAS5,TOTVS Chef Corporativo,question,closed,2024-09-26,2024-10-09,21363072,low
T78573,Datasul Recursos Humanos,question,closed,2024-11-22,2024-12-03,21875656,low
TFCMT0,AGT CLOUD RM STD,task,closed,2025-02-10,2025-02-19,22626768,low
TFDEM3,TOTVS Processos Fiscais,question,closed,2024-10-01,2024-10-07,21396165,normal
T37248,RM Framework,question,closed,2024-07-10,2024-07-29,20646340,low
TDC1J8,FÃ¡brica Consinco,task,pending,2025-03-18,2025-03-23,22978861,low
TFDEM3,TOTVS Processos Fiscais,question,closed,2024-09-05,2024-09-18,21167521,high
T27008,Prime - CNI CustomizaÃ§Ãµes,question,closed,2024-08-30,2024-09-25,21117281,low
TEZOOL,RM GestÃ£o de Pessoas & SSO,question,closed,2024-09-04,2024-09-13,21149381,normal
T57936,Prime Supermercados - Consultoria,question,closed,2024-05-07,2024-06-24,20068317,normal
TFCXA8,AGT CLOUD RM STD,question,closed,2024-07-05,2024-07-11,20616271,low
TFCDRK,PC - Financeiro,question,closed,2024-09-25,2024-10-08,21359356,high
T02984,TOTVS Chef Corporativo,question,solved,2025-01-17,2025-02-18,22382742,high
TEXVGX,CST - Viagens,question,closed,2024-11-11,2024-12-19,21770697,low
TB3043,PC - Financeiro,problem,closed,2024-11-08,2024-11-12,21747685,high
TFCVY1,RM Framework,question,closed,2024-06-20,2024-07-08,20476162,low
TCAWRC,TOTVS Chef Corporativo,question,closed,2025-01-29,2025-02-12,22497337,low
TFCPWG,Consinco ContÃ¡bil,question,closed,2025-02-06,2025-02-20,22581505,low
T60204,CST - Contratos PadrÃ£o e Select,task,closed,2025-01-13,2025-01-13,22320083,normal
TB3627,PC - Financeiro,question,closed,2024-08-08,2024-08-19,20914928,low
TFCHUW,ReversÃ£o Canc/Ouvidoria,question,open,2025-03-20,2025-03-21,23013862,normal
TB2230,PC - Financeiro,question,solved,2025-03-19,2025-03-24,23000020,low
TFCPWG,FÃ¡brica Consinco,question,closed,2024-06-05,2024-06-28,20326722,low
TFDPVI,PC - Financeiro,question,closed,2025-02-21,2025-03-05,22757532,low
TCASEN,TOTVS Chef Corporativo,incident,closed,2024-10-28,2024-11-07,21635708,normal
TFCPWG,Consinco Recebimento e ExpediÃ§Ã£o de Loja,question,closed,2024-11-04,2024-12-02,21688289,low
TFDTMX,TOTVS Chef Corporativo,question,closed,2024-12-05,2024-12-18,21999819,low
TDC02G,Consinco Recebimento e ExpediÃ§Ã£o de Loja,question,closed,2024-11-11,2024-11-11,21770883,normal
TEZMJ3,AGT CLOUD RM STD,question,closed,2025-01-28,2025-02-01,22488076,low
T42079,RM GestÃ£o de Pessoas & SSO,question,closed,2024-05-20,2024-05-31,20205591,normal
TFCJEG,Protheus SPED,problem,closed,2024-05-13,2024-05-23,20130525,normal
TFDNGM,TOTVS Chef Corporativo,question,closed,2024-01-16,2024-02-12,19061514,high
TEZOOL,RM GestÃ£o de Pessoas & SSO,question,closed,2024-06-11,2024-06-21,20381614,low
TFCEMY,Protheus SPED,question,closed,2024-06-17,2024-07-23,20439729,normal
T13777,Protheus AutomaÃ§Ã£o Comercial,question,closed,2024-11-19,2024-12-09,21854924,low
TCAWRC,TOTVS Chef Corporativo,question,closed,2025-02-28,2025-03-17,22823346,low
TFCXA8,AGT CLOUD RM STD,question,closed,2024-03-12,2024-03-18,19589674,normal
T22345,RM Framework,question,closed,2024-05-15,2024-06-03,20161519,low
TCAWRC,TOTVS Chef Corporativo,question,closed,2025-03-04,2025-03-18,22832468,normal
TFBNZV,AGT CLOUD RM STD,question,closed,2024-08-22,2024-08-28,21048415,low
TEYYSH,RM Framework,question,closed,2024-05-13,2024-05-13,20124485,low
T84560,Protheus SPED,question,closed,2024-07-02,2024-07-11,20576085,normal
TFDH35,RM Framework,question,closed,2024-07-03,2024-07-12,20583402,low
TEZOOL,Protheus SPED,question,closed,2024-05-06,2024-05-24,20059245,normal
TFDNEH,Consinco PDV Infra e Monitor,question,closed,2025-01-21,2025-01-23,22408516,low
TFCXA8,AGT CLOUD RM STD,question,closed,2024-12-06,2024-12-12,22014382,low
TEZDFJ,Protheus SPED,question,closed,2024-09-19,2024-09-23,21304537,normal
T56018,CST - Contratos PadrÃ£o e Select,question,closed,2025-01-07,2025-01-16,22248331,low
TFCNAD,PC - Financeiro,question,closed,2024-08-29,2024-09-09,21105700,low
TEZOVP,TCRM GC - Suporte PadrÃ£o,question,closed,2024-03-11,2024-03-28,19575904,normal
TEZMJ3,AGT CLOUD RM STD,question,closed,2025-01-23,2025-02-01,22447442,low
T12653,TOTVS WMS SaaS,problem,closed,2024-12-09,2024-12-19,22031811,normal
T79168,Datasul Recursos Humanos,question,closed,2024-11-04,2024-11-13,21691364,low
TFDAS5,TOTVS Chef Corporativo,question,closed,2024-05-07,2024-05-20,20066900,high
T03120,PRIME RM RH,question,closed,2024-01-16,2024-02-01,19049465,low
T12653,Protheus Manufatura,question,closed,2025-02-20,2025-02-26,22741321,normal
TFCPWG,Consinco Recebimento e ExpediÃ§Ã£o de Loja,question,closed,2024-12-23,2025-02-04,22166796,low
TFDGKO,Protheus SPED,question,closed,2024-06-10,2024-06-20,20378293,normal
TB3493,PC - Financeiro,question,closed,2024-07-04,2024-07-16,20608938,normal
TCASEN,TOTVS Chef Corporativo,question,solved,2025-03-18,2025-03-21,22975091,low
TFCPWG,Consinco Recebimento e ExpediÃ§Ã£o de Loja,question,solved,2025-03-07,2025-03-25,22870484,normal
T03120,FÃBRICA RM - CUSTOMIZAÃÃO PORTFÃLIO PLAT & SEG,question,closed,2024-05-03,2024-07-04,20048770,normal
TFCPWG,Consinco Recebimento e ExpediÃ§Ã£o de Loja,question,closed,2024-02-09,2024-02-27,19300803,low
TFCXA8,AGT CLOUD RM STD,question,closed,2024-02-16,2024-02-23,19352297,high
TFDNEH,Consinco PDV Infra e Monitor,question,closed,2024-09-17,2024-09-17,21286128,normal
TFDJIH,AGT CLOUD RM STD,question,closed,2024-04-24,2024-04-30,19977860,low
TEZDFJ,Protheus Manufatura,question,closed,2024-09-03,2024-09-09,21134729,low
T02266,Protheus SPED,question,closed,2024-02-06,2024-02-23,19254784,normal
T22665,Parceiros Datasul Neogrid Atendimento,question,closed,2025-01-21,2025-01-31,22420588,high
TFCPWG,Consinco Recebimento e ExpediÃ§Ã£o de Loja,question,closed,2024-12-04,2024-12-30,21976014,normal
TDC02G,Consinco ContÃ¡bil,question,closed,2024-06-12,2024-06-12,20401817,normal
TFBMB3,TOTVS Chef Corporativo,question,closed,2024-08-12,2024-08-16,20947654,low
T05077,AGT CLOUD RM STD,task,closed,2025-01-09,2025-01-16,22288469,low
TEZDFJ,Protheus SPED,question,closed,2024-08-19,2024-08-28,21008792,low
TCAWRC,TOTVS Chef Corporativo,question,solved,2025-03-21,2025-03-24,23026403,low
TFDNGM,TOTVS Chef Corporativo,question,closed,2024-04-18,2024-05-02,19934065,low
TFBKHT,Protheus AutomaÃ§Ã£o Comercial,question,closed,2024-06-06,2024-06-17,20337307,low
TFDAS5,TOTVS Chef Corporativo,question,closed,2024-05-10,2024-05-24,20114532,low
TFDJLF,AGT CLOUD RM STD,question,closed,2025-02-19,2025-02-25,22729518,low
TFCXA8,AGT CLOUD RM STD,question,closed,2024-03-07,2024-03-11,19555277,low
TDC02G,Consinco Recebimento e ExpediÃ§Ã£o de Loja,question,closed,2024-07-02,2024-07-16,20572451,low
TFCXA8,AGT CLOUD RM STD,question,closed,2024-01-10,2024-01-17,19003255,normal
TFBGUG,PC - Financeiro,question,closed,2024-01-08,2024-01-17,18976957,low
TFDEM3,TOTVS Processos Fiscais,question,closed,2024-10-15,2024-10-18,21541057,high
TFBYNF,TOTVS Chef Corporativo,question,closed,2024-11-13,2024-12-02,21794459,normal
T03120,PRIME RM RH,question,closed,2024-05-28,2024-06-24,20267994,low
T45675,TPD CSO,problem,closed,2024-02-09,2024-02-27,19305259,high
TEYJ64,Protheus SPED,question,closed,2024-02-15,2024-03-01,19329921,normal
TFCPWG,FÃ¡brica Consinco,task,pending,2025-03-06,2025-03-20,22843340,low
TEXVI3,AGT CLOUD RM STD,question,closed,2024-04-30,2024-05-16,20023819,low
T79168,Datasul Recursos Humanos,question,closed,2025-02-10,2025-02-19,22617592,low
TFCRW9,CST - Contratos PadrÃ£o e Select,task,closed,2025-01-17,2025-01-17,22386530,normal
TCAWRC,TOTVS Chef Corporativo,question,closed,2025-01-30,2025-02-12,22503084,low
TFDQW1,TOTVS Chef Corporativo,question,closed,2024-06-08,2024-06-21,20363302,normal
TFDAS5,TOTVS Chef Corporativo,question,closed,2024-02-20,2024-03-05,19386257,high
T48579,AGT CLOUD RM STD,question,closed,2025-01-20,2025-01-26,22407656,low
TFCJEG,Protheus SPED,question,closed,2024-02-19,2024-03-06,19375171,low
TEZDFJ,Protheus Manufatura,question,closed,2024-11-14,2024-11-27,21808834,normal
TEXVI3,AGT CLOUD RM STD,question,closed,2025-01-24,2025-02-02,22449473,low
TFCXA8,AGT CLOUD RM STD,question,closed,2024-04-23,2024-04-29,19970407,low
TDC02G,Consinco ContÃ¡bil,question,closed,2024-11-18,2024-11-22,21825950,low
TFBOM4,AGT CLOUD RM STD,question,closed,2024-04-25,2024-05-02,19987069,low
TCBG82,TOTVS Chef Corporativo,question,closed,2024-05-16,2024-05-31,20177546,high
TFCRIC,PC - Financeiro,question,closed,2024-06-13,2024-06-24,20413049,normal
TFBKZ9,Datasul Recursos Humanos,question,closed,2024-02-29,2024-03-13,19475938,low
T17146,Protheus AutomaÃ§Ã£o Comercial,question,closed,2024-08-21,2024-08-21,21037347,normal
TCAWRC,TOTVS Chef Corporativo,question,closed,2025-02-05,2025-02-19,22569550,high
TEZOQY,CST - Contratos PadrÃ£o e Select,question,open,2025-03-17,2025-03-24,22970277,normal
T03120,FÃBRICA RM - CUSTOMIZAÃÃO PORTFÃLIO PLAT & SEG,incident,closed,2024-04-16,2024-10-30,19912737,low
TFDAS5,TOTVS Chef Corporativo,question,closed,2024-10-12,2024-10-25,21508020,normal
TFBJTR,Protheus AutomaÃ§Ã£o Comercial,question,closed,2024-06-20,2024-07-08,20473024,low
TFCXA8,AGT CLOUD RM STD,task,closed,2025-01-03,2025-01-11,22220572,low
TFDJLF,AGT CLOUD RM STD,question,closed,2024-03-15,2024-03-21,19629166,normal
TEWTYL,CST - Contratos PadrÃ£o e Select,task,closed,2025-01-27,2025-01-27,22466341,normal
T40143,AGT CLOUD RM STD,task,closed,2024-12-06,2024-12-13,22008996,low
T41316,CST - Contratos PadrÃ£o e Select,question,solved,2025-02-28,2025-03-25,22824371,low
TFCNAD,PC - Financeiro,question,closed,2024-02-15,2024-02-26,19345408,low
TFCWND,Protheus SPED,question,closed,2024-12-19,2025-01-09,22143956,normal
TDC02G,Consinco ContÃ¡bil,question,closed,2024-11-13,2024-11-18,21798157,low
TFDAS5,TOTVS Chef Corporativo,question,closed,2024-02-12,2024-02-27,19311782,low
TEYYSH,RM Framework,question,closed,2024-05-09,2024-05-09,20101702,normal
T73765,Datasul Recursos Humanos,question,closed,2024-06-19,2024-07-01,20466571,high
TFCXA8,AGT CLOUD RM STD,question,closed,2025-01-16,2025-01-20,22374890,normal
TDC02G,FÃ¡brica Consinco,question,solved,2025-02-19,2025-03-21,22730257,low
T46585,CST - Contratos PadrÃ£o e Select,task,closed,2025-01-18,2025-01-18,22391267,normal
TCBG82,TOTVS Chef Corporativo,question,closed,2024-10-05,2024-10-18,21443667,low
TFCXA8,AGT CLOUD RM STD,question,closed,2024-01-11,2024-01-15,19012479,low
TAAMBE,Protheus SPED,question,closed,2024-07-18,2024-07-18,20739543,low
T59297,Protheus SPED,question,closed,2024-04-08,2024-04-17,19820523,normal
TB1015,PC - Financeiro,question,closed,2024-09-11,2024-09-25,21226640,low
T55302,CST - Contratos PadrÃ£o e Select,task,closed,2025-01-09,2025-01-09,22278954,normal
TFBJPS,PC - Financeiro,question,closed,2024-12-20,2024-12-20,22152289,low
TFBOM4,RM Framework,question,closed,2024-08-19,2024-08-29,21012337,low
TFDPVI,PC - Financeiro,question,closed,2025-01-15,2025-01-24,22347807,low
T55554,AGT CLOUD RM STD,question,closed,2024-04-12,2024-04-18,19875873,low
TFDO85,TOTVS Chef Corporativo,question,closed,2024-08-21,2024-09-04,21039920,low
T46457,AGT CLOUD RM STD,question,closed,2024-10-11,2024-10-16,21503363,low
TEXHX8,Protheus Manufatura,question,closed,2024-07-26,2024-07-26,20810006,low
TFDGKO,Protheus Manufatura,question,closed,2025-01-09,2025-01-27,22289725,normal
TFCXA8,AGT CLOUD RM STD,question,closed,2024-07-25,2024-07-29,20802135,normal
TB1015,PC - Financeiro,question,closed,2024-03-11,2024-03-27,19581405,normal
TEZNGU,Datasul Recursos Humanos,question,closed,2024-10-23,2024-10-23,21601421,normal
TFBOM4,AGT CLOUD RM STD,question,closed,2024-09-09,2024-09-10,21189714,low
T22345,RM Framework,question,closed,2024-06-17,2024-06-27,20448657,low
TCASEN,TOTVS Chef Corporativo,incident,closed,2024-10-28,2024-11-07,21635815,normal
TFCPWG,FÃ¡brica Consinco,question,closed,2024-05-22,2024-06-26,20223116,low
TFCEX9,Prime Supermercados - Consultoria,question,closed,2024-11-05,2024-11-28,21708535,low
T73765,Parceiros Datasul Neogrid Atendimento,question,closed,2024-10-16,2024-11-18,21552491,high
TEZIIV,Protheus SPED,question,closed,2024-07-02,2024-07-11,20578251,low
TFDPNU,TOTVS Chef Corporativo,problem,closed,2024-12-30,2025-01-14,22202997,high
TFDIDT,CST - Contratos PadrÃ£o e Select,question,closed,2025-02-12,2025-03-14,22660015,low
TFCROE,PC - Financeiro,question,closed,2024-09-16,2024-09-25,21274450,low
TEZNGU,Parceiros Datasul Neogrid Atendimento,question,closed,2024-04-18,2024-04-29,19932120,low
T03268,Protheus SPED,question,closed,2024-04-17,2024-05-06,19926155,low
T36359,AGT CLOUD RM STD,question,closed,2024-02-21,2024-02-26,19396271,normal
T74314,Datasul Recursos Humanos,incident,hold,2025-02-10,2025-03-24,22622476,high
TFBX19,ReversÃ£o Canc/Ouvidoria,question,closed,2024-09-30,2024-10-18,21392694,normal
T01436,CST - Contratos PadrÃ£o e Select,task,closed,2025-02-21,2025-02-21,22754307,normal
TFBMB3,TOTVS Chef Corporativo,question,solved,2025-03-13,2025-03-21,22932857,normal
TFCMT0,AGT CLOUD RM STD,question,closed,2024-11-28,2024-12-05,21933975,low
TEZN39,Protheus SPED,question,closed,2025-01-28,2025-02-11,22482045,low
T46457,PRIME RM RH,question,closed,2024-12-05,2024-12-24,21994432,normal
T14245,PC - Financeiro,incident,closed,2024-03-01,2024-05-08,19482213,normal
TFDAS5,TOTVS Chef Corporativo,question,closed,2024-02-09,2024-02-26,19306384,high
TB2382,PC - Financeiro,question,closed,2024-04-29,2024-05-09,20016431,low
T52576,PRIME RM RH,question,closed,2024-09-03,2024-09-20,21139624,low
T60726,CST - Contratos PadrÃ£o e Select,task,closed,2025-01-21,2025-01-21,22410042,normal
TB4442,PC - Financeiro,question,closed,2024-11-08,2024-11-21,21749565,low
TEZIRS,CST - Contratos PadrÃ£o e Select,task,closed,2025-01-27,2025-01-27,22463517,normal
TFCKV3,PC - Financeiro,question,closed,2024-05-20,2024-06-04,20195846,low
T60617,CST - Contratos PadrÃ£o e Select,question,closed,2025-02-07,2025-03-03,22603915,low
T79168,Datasul Recursos Humanos,question,closed,2024-09-10,2024-09-25,21210528,low
TEZFHG,Protheus Manufatura,question,closed,2024-02-01,2024-02-14,19203188,high
TFDOCD,AGT CLOUD RM STD,question,closed,2024-04-24,2024-05-02,19978574,normal
TFBMB3,TOTVS Chef Corporativo,question,closed,2024-11-28,2024-12-18,21926140,low
TEZMJ3,AGT CLOUD RM STD,question,closed,2024-04-15,2024-04-23,19900987,high
T17146,Protheus AutomaÃ§Ã£o Comercial,question,closed,2024-07-02,2024-07-02,20575528,normal
TFCYEG,AGT CLOUD RM STD,incident,closed,2024-11-19,2024-11-28,21847158,normal
TFDEM3,TOTVS Processos Fiscais,question,closed,2024-06-17,2024-06-28,20444107,high
T22345,AGT CLOUD RM STD,question,closed,2025-01-23,2025-01-30,22448412,normal
T79168,Datasul Recursos Humanos,incident,closed,2024-01-31,2024-03-13,19193800,low
T55554,TPD CSO,problem,closed,2024-02-28,2024-03-14,19463479,normal
TFCXA8,AGT CLOUD RM STD,task,closed,2024-08-26,2024-09-02,21072203,low
TFCXA8,RM GestÃ£o de Pessoas & SSO,question,closed,2025-02-10,2025-02-19,22614552,low
TB4359,PC - Financeiro,question,closed,2024-09-27,2024-10-08,21379133,high
T49432,PRIME RM RH,question,closed,2024-01-10,2024-01-24,18998050,high
TEZDFJ,CST - Contratos PadrÃ£o e Select,task,closed,2025-02-17,2025-02-17,22703787,normal
TCBG82,TOTVS Chef Corporativo,question,closed,2024-02-22,2024-03-06,19412469,low
T75573,TOTVS WMS SaaS,question,closed,2024-01-08,2024-01-17,18971409,high
TFDBAQ,PC - Financeiro,question,closed,2024-01-26,2024-02-06,19153603,low
TFBMB3,TOTVS Chef Corporativo,question,closed,2024-08-08,2024-08-09,20920064,low
T12377,TOTVS WMS SaaS,problem,closed,2025-01-31,2025-02-06,22520562,normal
T07810,Protheus AutomaÃ§Ã£o Comercial,question,closed,2024-01-03,2024-01-12,18929780,low
T02984,CST - Contratos PadrÃ£o e Select,question,closed,2024-11-01,2025-02-14,21676508,low
T37094,RM GestÃ£o de Pessoas & SSO,question,closed,2024-06-24,2024-07-04,20503342,low
TFDPNU,TOTVS Chef Corporativo,question,closed,2024-12-20,2025-01-16,22161789,high
T12132,ReversÃ£o Canc/Ouvidoria,question,closed,2024-08-28,2024-09-17,21093583,normal
TCASEN,TOTVS Chef Corporativo,question,closed,2024-08-19,2024-09-02,21014382,low
TFDDO0,AGT CLOUD RM STD,task,closed,2024-12-10,2024-12-17,22039467,low
TFCJEG,Protheus SPED,question,closed,2024-07-10,2024-07-26,20647702,low
T05353,Protheus SPED,question,closed,2024-09-05,2024-10-16,21166795,low
TDC1J8,Consinco Recebimento e ExpediÃ§Ã£o de Loja,question,closed,2024-10-17,2024-11-08,21564156,low
TFDQW1,TOTVS Chef Corporativo,question,closed,2024-05-31,2024-06-14,20291153,normal
T13659,Protheus SPED,question,closed,2024-05-17,2024-05-29,20192828,normal
TEZOVP,TCRM GC - Suporte PadrÃ£o,question,closed,2025-03-06,2025-03-17,22843759,normal
TDC02G,Consinco Recebimento e ExpediÃ§Ã£o de Loja,question,closed,2024-05-29,2024-06-27,20280041,low
TB1197,TPD CSO,question,closed,2024-08-02,2024-08-16,20863071,high
T57397,RM Framework,question,closed,2024-09-24,2024-10-10,21341990,low
T05077,AGT CLOUD RM STD,question,closed,2024-09-06,2024-09-13,21172033,low
TEZOD5,TOTVS Chef Corporativo,question,closed,2024-03-07,2024-03-21,19554097,low
TCAWRC,TOTVS Chef Corporativo,question,closed,2024-12-02,2024-12-04,21961224,high
TFD879,CST - Contratos PadrÃ£o e Select,question,closed,2025-01-16,2025-01-31,22364393,low
TB4035,PC - Financeiro,question,closed,2024-02-22,2024-02-22,19410513,low
TFDO85,TOTVS Chef Corporativo,question,closed,2024-11-11,2024-11-27,21767234,low
T40143,AGT CLOUD RM STD,task,closed,2024-05-06,2024-05-10,20060371,low
TFCTRB,Protheus AutomaÃ§Ã£o Comercial,question,closed,2024-01-18,2024-01-29,19083203,low
T02984,TOTVS Chef Corporativo,question,closed,2024-02-15,2024-03-25,19331600,urgent
T01436,CST - Contratos PadrÃ£o e Select,task,closed,2025-02-21,2025-02-21,22754324,normal
TFDNGM,TOTVS Chef Corporativo,problem,hold,2025-02-06,2025-03-17,22593960,high
T57936,FÃ¡brica Consinco,question,closed,2025-01-31,2025-03-19,22524051,low
TEZNGU,Datasul Recursos Humanos,task,closed,2024-01-11,2024-02-19,19014655,high
TEZHM6,Protheus AutomaÃ§Ã£o Comercial,question,closed,2024-08-09,2024-09-04,20928312,normal
TCAL80,TOTVS Chef Corporativo,question,closed,2024-11-21,2024-12-04,21867311,low
T07616,CST - Contratos PadrÃ£o e Select,question,closed,2024-12-02,2025-01-08,21955142,low
T11318,PC - Financeiro,question,closed,2024-01-17,2024-02-06,19068772,normal
T74304,CPT CLOUD DATASUL STD,question,closed,2024-02-20,2024-03-10,19388044,low
TFDA37,AGT CLOUD RM STD,question,closed,2024-01-19,2024-01-26,19096121,low
TFDNEH,Consinco PDV Infra e Monitor,question,closed,2024-09-20,2024-09-30,21319214,low
TFCPGO,Prime Protheus Faturamento,question,open,2025-03-24,2025-03-24,23028137,normal
TEZOOL,RM GestÃ£o de Pessoas & SSO,question,closed,2024-02-08,2024-02-28,19282057,normal
T30616,RM Framework,question,closed,2024-05-27,2024-06-13,20255935,low
T78573,Datasul Recursos Humanos,question,closed,2024-01-29,2024-02-09,19177679,normal
TFCXA8,AGT CLOUD RM STD,question,closed,2024-01-02,2024-01-07,18924684,low
T48579,AGT CLOUD RM STD,question,closed,2024-01-16,2024-01-25,19050668,low
T61500,Protheus SPED,question,closed,2024-01-16,2024-01-31,19051475,normal
TEZIIF,RM GestÃ£o de Pessoas & SSO,question,closed,2025-02-27,2025-03-11,22804787,normal
T48579,AGT CLOUD RM STD,question,closed,2024-12-02,2024-12-12,21952841,low
TFCWMV,Protheus Manufatura,question,closed,2024-09-12,2024-09-24,21241488,high
TFBGUG,PC - Financeiro,question,closed,2024-08-28,2024-09-11,21096771,low
TFCFEH,AGT CLOUD RM STD,question,closed,2024-02-02,2024-02-09,19228365,low
TCAWRC,TOTVS Chef Corporativo,question,closed,2025-02-04,2025-02-17,22547260,normal
TFDDO0,AGT CLOUD RM STD,question,closed,2024-09-23,2024-09-29,21326660,low
TFDJLF,AGT CLOUD RM STD,question,closed,2024-10-24,2024-11-07,21615175,low
TEWTYL,CPT CLOUD DATASUL STD,question,closed,2024-11-28,2024-12-04,21926867,high
T34551,RM GestÃ£o de Pessoas & SSO,question,closed,2024-05-24,2024-06-05,20243146,low
T78253,Datasul Recursos Humanos,question,closed,2025-01-16,2025-02-05,22366279,normal
T12653,TOTVS WMS SaaS,problem,closed,2025-02-05,2025-02-28,22571281,high
TFBOL6,TOTVS Chef Corporativo,problem,closed,2024-04-26,2024-05-09,19996974,high
T53357,Logix Controladoria,question,closed,2024-04-25,2024-05-07,19984938,low
TCAWRC,TOTVS Chef Corporativo,question,closed,2025-02-20,2025-03-06,22746423,normal
TDC0T5,Prime Supermercados - Consultoria,task,closed,2024-08-14,2024-09-10,20970053,high
TFCRW9,CST - Contratos PadrÃ£o e Select,task,closed,2025-01-10,2025-01-10,22296776,normal
TAAQPD,Protheus SPED,question,closed,2024-03-08,2024-03-27,19558042,low
TB1645,PC - Financeiro,question,closed,2024-10-21,2024-10-21,21579718,low
TEYIZV,Protheus SPED,question,closed,2024-06-03,2024-07-23,20301529,low
T57157,TOTVS Chef Corporativo,question,closed,2024-08-01,2024-08-15,20852763,normal
TFDQW1,TOTVS Chef Corporativo,question,closed,2024-05-16,2024-05-31,20180892,low
TFCTM2,CST - Contratos PadrÃ£o e Select,task,closed,2025-01-16,2025-01-16,22373934,normal
TB1645,PC - Financeiro,question,closed,2024-11-13,2024-11-13,21789737,low
TFBYNF,TOTVS Chef Corporativo,incident,closed,2024-10-02,2024-10-15,21415176,normal
T79375,Datasul Recursos Humanos,question,closed,2024-04-03,2024-04-15,19788197,low
T46457,AGT CLOUD RM STD,question,closed,2024-01-24,2024-01-28,19130863,low
TEZI93,Cloud Customer Success,question,closed,2024-10-15,2024-10-21,21540576,low
TFDJMF,Protheus SPED,question,closed,2024-04-25,2024-05-16,19995603,high
TFCPWG,FÃ¡brica Consinco,task,hold,2025-02-27,2025-03-19,22805573,low
T58219,Prime Protheus Faturamento,question,solved,2025-03-17,2025-03-24,22970165,low
T19751,Protheus SPED,question,closed,2024-10-10,2024-10-29,21496216,low
TFCVY1,AGT CLOUD RM STD,task,closed,2024-09-04,2024-09-13,21149731,low
T37094,RM GestÃ£o de Pessoas & SSO,question,closed,2024-04-11,2024-04-11,19862566,normal
T01205,Protheus Manufatura,question,closed,2024-12-03,2024-12-12,21963299,normal
TCAWRC,TOTVS Chef Corporativo,question,solved,2025-03-24,2025-03-24,23029348,low
TCAL80,CST - Contratos PadrÃ£o e Select,task,closed,2025-02-28,2025-03-25,22822521,low
TFDPNU,TOTVS Chef Corporativo,question,closed,2024-03-07,2024-03-21,19555622,low
TFDAP1,Logix WMS,question,closed,2024-08-08,2024-08-19,20922831,low
T74314,Datasul Recursos Humanos,question,closed,2024-04-12,2024-05-10,19871367,normal
TFCTRB,TOTVS TEF - SERVIÃOS,question,closed,2024-06-10,2024-06-21,20375153,normal
TB0598,PC - Financeiro,question,closed,2024-11-12,2024-11-28,21788425,normal
TEZCRS,Protheus SPED,problem,closed,2024-02-02,2024-02-14,19226831,normal
T07499,ReversÃ£o Canc/Ouvidoria,question,solved,2025-03-10,2025-03-24,22874527,normal
TFCXA8,AGT CLOUD RM STD,question,closed,2024-09-12,2024-09-18,21237714,low
TFCWMV,CPT CLOUD DATASUL STD,question,closed,2024-08-02,2024-08-09,20865573,low
T57157,TOTVS Chef Corporativo,question,closed,2024-09-10,2024-09-23,21205628,low
TCATXY,Consinco ContÃ¡bil,question,closed,2025-01-30,2025-02-06,22513662,normal
T55302,Cloud Customer Success,question,closed,2024-07-04,2024-08-10,20608078,low
T05691,PRIME RM RH,question,pending,2025-03-21,2025-03-24,23021174,normal
TCAL80,TOTVS Chef Corporativo,question,closed,2024-10-01,2024-10-11,21395685,normal
TFDQW1,TOTVS Chef Corporativo,question,closed,2024-07-04,2024-07-17,20597163,low
TDC1J9,FÃ¡brica Consinco,question,closed,2024-09-20,2024-10-16,21323820,normal
TFDAS5,TOTVS Chef Corporativo,question,closed,2024-09-10,2024-09-24,21208047,low
T03120,RM GestÃ£o de Pessoas & SSO,question,closed,2024-12-20,2025-01-03,22154534,normal
TDC0T5,Prime Supermercados - Consultoria,question,closed,2024-07-04,2024-07-22,20603897,normal
TFBGUG,PC - Financeiro,problem,closed,2024-06-25,2024-08-05,20512041,low
T08492,Protheus SPED,question,closed,2024-04-25,2024-05-08,19994079,normal
TFBGUG,PC - Financeiro,question,closed,2024-02-05,2024-02-05,19245882,low
T12377,TOTVS WMS SaaS,question,closed,2025-01-30,2025-02-10,22513501,low
TEZCO9,Protheus SPED,question,closed,2024-07-01,2024-07-10,20566337,normal
TCAWRC,TOTVS Chef Corporativo,question,closed,2025-01-30,2025-02-13,22513329,low
TFDPNU,TOTVS Chef Corporativo,question,solved,2025-03-21,2025-03-21,23020349,normal
TFBTQW,PC - Financeiro,question,closed,2024-01-12,2024-04-10,19021365,normal
TFDJLF,AGT CLOUD RM STD,question,closed,2024-07-12,2024-07-19,20682302,normal
TCAKDA,CST - Contratos PadrÃ£o e Select,task,closed,2025-01-09,2025-01-09,22280963,normal
TEWTYL,CPT CLOUD DATASUL STD,question,closed,2024-01-03,2024-01-13,18936130,high
TFDBAQ,PC - Financeiro,question,closed,2024-06-17,2024-06-26,20445255,low
TFDEBT,AGT CLOUD RM STD,question,closed,2024-05-16,2024-05-22,20169152,normal
T48228,AGT CLOUD RM STD,question,closed,2024-02-06,2024-02-12,19256385,normal
TFCYFC,RM Framework,question,closed,2024-06-19,2024-06-28,20464560,low
TFCPWG,Consinco Recebimento e ExpediÃ§Ã£o de Loja,question,closed,2024-10-18,2024-11-07,21567000,high
T46585,AGT CLOUD RM STD,question,closed,2024-11-22,2024-11-26,21877725,low
TEZO13,AGT CLOUD RM STD,question,closed,2024-03-22,2024-03-26,19697376,low
TFCEMY,Protheus SPED,question,closed,2024-01-17,2024-02-02,19068978,low
T44012,AGT CLOUD RM STD,question,closed,2024-07-22,2024-07-22,20766677,low
T56348,TPD CSO,problem,closed,2024-09-09,2024-10-02,21192746,low
TFDNGM,TOTVS Chef Corporativo,problem,closed,2024-03-07,2024-03-19,19542529,normal
TEZDWI,Cloud Customer Success,question,closed,2024-04-25,2024-06-09,19995272,normal
TFDQF6,TOTVS Chef Corporativo,question,closed,2024-12-07,2024-12-20,22020795,high
T57157,TOTVS Chef Corporativo,question,closed,2024-02-14,2024-03-08,19328554,low
TFDCVD,Protheus SPED,task,closed,2024-08-08,2024-08-20,20922869,normal
T25256,AGT CLOUD RM STD,question,closed,2024-12-06,2024-12-26,22017103,low
TFBJPS,RM GestÃ£o de Pessoas & SSO,question,closed,2024-05-09,2024-05-21,20098826,low
TFCLMW,Protheus SPED,question,closed,2024-02-19,2024-02-29,19378222,low
TDC02G,Consinco Recebimento e ExpediÃ§Ã£o de Loja,question,closed,2024-10-25,2024-11-05,21627065,low
T12377,CST - Contratos PadrÃ£o e Select,question,open,2025-03-13,2025-03-21,22936980,normal
TFDPNU,TOTVS Chef Corporativo,question,closed,2024-11-13,2024-11-29,21804315,normal
TB2230,PC - Financeiro,question,closed,2024-04-15,2024-04-25,19890408,low
T03120,PRIME RM RH,question,closed,2024-08-15,2024-09-04,20993905,low
TEZNGU,Parceiros Datasul Neogrid Atendimento,question,closed,2024-01-04,2024-01-22,18948812,normal
TFDGKR,AGT CLOUD RM STD,question,closed,2024-10-11,2024-10-19,21499777,low
T05077,AGT CLOUD RM STD,question,closed,2024-04-02,2024-04-06,19766265,high
TFCYEG,AGT CLOUD RM STD,question,closed,2025-02-04,2025-02-07,22559171,low
T52576,RM GestÃ£o de Pessoas & SSO,question,closed,2024-06-04,2024-06-14,20315317,normal
TEZNGU,Datasul Recursos Humanos,question,closed,2025-03-12,2025-03-21,22923283,normal
TCAL80,TOTVS Chef Corporativo,question,pending,2025-03-17,2025-03-22,22968565,low
T61500,Protheus SPED,question,closed,2024-07-04,2024-07-23,20607033,low
T56348,AGT CLOUD RM STD,question,closed,2024-10-07,2024-10-11,21455447,low
TC1348,TOTVS Chef Corporativo,question,closed,2024-02-08,2024-02-26,19291096,low
TFCDRK,PC - Financeiro,question,closed,2024-06-14,2024-06-25,20430137,low
T60726,CST - Contratos PadrÃ£o e Select,task,closed,2025-01-21,2025-01-21,22410092,normal
TFBGUG,PC - Financeiro,question,closed,2024-04-03,2024-04-12,19790771,normal
T23793,PC - Financeiro,question,closed,2024-07-26,2024-08-06,20803634,low
TFBGUG,PC - Financeiro,question,closed,2024-07-02,2024-07-11,20572091,low
TFDA37,AGT CLOUD RM STD,question,closed,2024-04-23,2024-04-29,19966582,low
T14449,Protheus SPED,question,closed,2024-03-12,2024-03-21,19595529,low
TFCKB8,CST - Contratos PadrÃ£o e Select,task,closed,2025-01-08,2025-02-12,22261304,low
T40143,AGT CLOUD RM STD,question,closed,2024-06-25,2024-06-29,20510811,low
TFDGMZ,TOTVS Chef Corporativo,incident,closed,2024-12-05,2024-12-17,21998606,normal
TCAL80,TOTVS Chef Corporativo,question,closed,2025-02-19,2025-03-05,22727469,low
TFCTRB,TOTVS TEF - SERVIÃOS,question,closed,2024-06-10,2024-06-21,20368514,normal
TFDOY7,TOTVS Chef Corporativo,question,closed,2024-08-05,2024-08-16,20874779,high
T03120,FÃBRICA RM - CUSTOMIZAÃÃO PORTFÃLIO PLAT & SEG,question,closed,2025-02-10,2025-02-27,22613466,low
T05077,AGT CLOUD RM STD,question,closed,2024-01-12,2024-01-18,19021320,low
TFCVTU,TOTVS Chef Corporativo,question,closed,2024-02-26,2024-03-22,19445122,low
TFCVY1,AGT CLOUD RM STD,question,closed,2024-10-31,2024-11-07,21665693,low
TFBMB3,TOTVS Chef Corporativo,question,solved,2025-03-25,2025-03-25,23044061,normal
TAAC31,Protheus Manufatura,question,closed,2025-02-14,2025-02-15,22685926,normal
TFDNG1,Protheus SPED,question,closed,2024-07-19,2024-08-07,20744738,low
TFDAS5,TOTVS Chef Corporativo,question,closed,2024-09-26,2024-10-09,21363076,low
T02984,TOTVS Chef Corporativo,question,closed,2024-02-06,2024-02-20,19264103,high
TEVVTC,Protheus Manufatura,question,closed,2024-10-01,2024-10-08,21396152,low
TEZNGU,Parceiros Datasul Neogrid Atendimento,question,closed,2024-04-01,2024-04-11,19760460,normal
TFDJLF,AGT CLOUD RM STD,task,closed,2024-01-16,2024-01-23,19054829,high
TFBGUG,PC - Financeiro,question,closed,2024-02-06,2024-02-16,19260321,low
TB2240,ReversÃ£o Canc/Ouvidoria,question,solved,2025-03-11,2025-03-17,22904258,normal
TEZDFJ,Protheus Manufatura,question,closed,2024-09-23,2024-09-30,21336167,normal
TEZNGU,Parceiros Datasul Neogrid Atendimento,question,closed,2024-02-20,2024-03-11,19387925,high
T46585,AGT CLOUD RM STD,question,closed,2024-07-10,2024-07-10,20647961,urgent
TB2025,PC - Financeiro,question,closed,2024-01-22,2024-02-02,19109512,low
T03120,PRIME RM RH,question,closed,2024-04-24,2024-05-23,19977763,low
T78253,Datasul Recursos Humanos,question,closed,2024-07-25,2024-08-05,20793418,normal
T46585,AGT CLOUD RM STD,task,closed,2024-08-14,2024-08-21,20970257,low
TEWTYL,CST - Contratos PadrÃ£o e Select,question,closed,2024-11-25,2024-12-30,21892163,normal
T43138,Protheus SPED,question,closed,2024-01-09,2024-01-18,18981423,low
TEZGIV,Protheus Manufatura,question,closed,2024-09-17,2024-09-27,21279213,normal
T14472,Parceiros Datasul Neogrid Atendimento,question,closed,2024-02-15,2024-02-26,19341428,low
TFBMB3,TOTVS Chef Corporativo,question,closed,2024-03-04,2024-03-20,19507219,normal
TEXVI3,AGT CLOUD RM STD,question,closed,2024-12-16,2024-12-22,22092785,low
T12377,TOTVS WMS SaaS,question,closed,2025-02-18,2025-02-24,22722839,high
T57157,TOTVS Chef Corporativo,question,closed,2024-08-20,2024-09-02,21023638,low
TDC1KP,Consinco ContÃ¡bil,question,closed,2024-10-29,2024-11-12,21650429,normal
T46457,AGT CLOUD RM STD,question,closed,2024-01-18,2024-01-18,19079507,low
T12653,Protheus SPED,question,closed,2025-01-29,2025-02-18,22489846,low
TCAWRC,TOTVS Chef Corporativo,question,closed,2025-01-31,2025-02-14,22523357,normal
T46585,AGT CLOUD RM STD,question,closed,2024-12-20,2024-12-30,22152246,low
T37248,RM Framework,question,closed,2025-02-10,2025-02-19,22622792,low
T57936,FÃ¡brica Consinco,task,closed,2024-05-14,2024-10-03,20150031,normal
TEZOOL,RM GestÃ£o de Pessoas & SSO,question,closed,2025-02-25,2025-03-10,22783235,low
T36359,AGT CLOUD RM STD,question,closed,2024-01-26,2024-01-30,19158632,low
TFCOKA,TOTVS WMS SaaS,question,closed,2025-02-17,2025-02-27,22700514,high
T05077,AGT CLOUD RM STD,question,closed,2024-04-11,2024-04-15,19857925,low
TEXVI3,AGT CLOUD RM STD,question,closed,2024-05-16,2024-05-20,20174555,low
T54237,CST - Contratos PadrÃ£o e Select,task,closed,2025-01-21,2025-01-21,22414381,normal
TFBGUG,PC - Financeiro,question,closed,2024-08-27,2024-09-05,21087421,low
T52473,RM Framework,question,closed,2025-01-22,2025-02-11,22427608,low
TFDJI5,GestÃ£o de Terceiros - ServiÃ§os Corporativo,question,closed,2024-09-12,2024-09-24,21235272,low
TFDAP1,Logix WMS,question,closed,2024-02-16,2024-02-27,19356624,low
T03644,Protheus AutomaÃ§Ã£o Comercial,question,closed,2024-05-09,2024-05-28,20099633,low
T46457,PRIME RM RH,question,closed,2024-05-09,2024-05-24,20098201,low
TCAWRC,TOTVS Chef Corporativo,question,closed,2024-12-07,2024-12-20,22020692,normal
TEYIZV,CST - Contratos PadrÃ£o e Select,task,closed,2025-01-24,2025-01-24,22457010,normal
T05967,CST - Contratos PadrÃ£o e Select,question,closed,2025-01-03,2025-01-22,22222899,low
T17078,Protheus Manufatura,question,closed,2024-02-22,2024-04-01,19412717,normal
T61500,Protheus AutomaÃ§Ã£o Comercial,question,closed,2024-07-30,2024-08-20,20832240,normal
TFDFBK,AGT CLOUD RM STD,question,closed,2024-05-20,2024-05-24,20207466,high
TFCI62,Protheus Manufatura,question,closed,2024-08-09,2024-08-20,20929265,low
T40143,Cloud Customer Success,task,closed,2024-06-11,2024-10-08,20382256,normal
TFCIAC,TOTVS Chef Corporativo,question,closed,2024-03-21,2024-04-05,19687194,low
TFDCEX,Protheus AutomaÃ§Ã£o Comercial,question,closed,2024-11-27,2024-12-09,21916760,normal
TEZEK7,FÃ¡brica Consinco,question,closed,2024-01-25,2024-02-21,19143663,normal
TCAL80,TOTVS Chef Corporativo,question,closed,2025-03-14,2025-03-14,22940082,low
TCAWRC,TOTVS Chef Corporativo,question,closed,2025-02-20,2025-03-07,22751086,normal
T38369,RM GestÃ£o de Pessoas & SSO,question,closed,2024-05-23,2024-06-04,20233200,low
TEZNKW,Protheus SPED,question,closed,2024-05-08,2024-05-20,20084319,normal
TEZNGU,Datasul Recursos Humanos,question,closed,2024-08-30,2024-08-30,21114608,low
TEXVI3,AGT CLOUD RM STD,question,closed,2024-05-16,2024-05-20,20174209,low
T40143,AGT CLOUD RM STD,question,closed,2024-08-08,2024-08-19,20921896,low
T73876,Datasul Recursos Humanos,question,closed,2025-02-03,2025-02-12,22531000,low
TB3493,RM Framework,question,closed,2024-05-28,2024-06-27,20266130,normal
T05077,AGT CLOUD RM STD,task,closed,2024-05-10,2024-05-17,20113166,low
TC1348,TOTVS Chef Corporativo,question,closed,2024-04-15,2024-05-03,19889184,low
TEZNGU,Datasul Recursos Humanos,question,closed,2025-02-13,2025-02-13,22670942,low
TEZDFJ,Protheus Manufatura,question,closed,2024-08-27,2024-09-05,21079432,normal
TEZNGU,Datasul Recursos Humanos,question,closed,2025-01-31,2025-02-03,22526850,low
TEZHDF,AGT CLOUD RM STD,question,closed,2024-03-19,2024-03-27,19663708,low
TEZDFJ,Protheus Manufatura,question,closed,2024-01-31,2024-02-20,19199786,low
T17146,Protheus AutomaÃ§Ã£o Comercial,question,closed,2024-07-12,2024-07-30,20674195,low
TEZOOU,TCRM GC - Suporte PadrÃ£o,question,closed,2024-09-24,2024-10-14,21344174,low
TEZKDH,PC - Financeiro,question,closed,2025-01-20,2025-01-29,22395436,low
TEZMJ3,Protheus SPED,question,closed,2024-07-29,2024-08-08,20820876,normal
TFBOL6,TOTVS Chef Corporativo,question,closed,2024-11-07,2024-11-25,21738952,normal
T45675,RM GestÃ£o de Pessoas & SSO,question,closed,2024-10-18,2024-10-24,21573341,low
TCAWRC,TOTVS Chef Corporativo,question,closed,2024-11-06,2024-11-21,21714004,normal
TB2482,PC - Financeiro,question,closed,2024-11-01,2024-11-12,21682014,normal
TDC1J9,Consinco Recebimento e ExpediÃ§Ã£o de Loja,question,closed,2024-05-28,2024-06-04,20270930,normal
TB4095,ReversÃ£o Canc/Ouvidoria,question,closed,2025-02-18,2025-03-24,22714881,normal
TB2947,PC - Financeiro,question,closed,2024-11-04,2024-11-27,21688467,low
T59297,TOTVS Processos Fiscais,question,closed,2025-01-21,2025-02-06,22418178,normal
T06661,Protheus SPED,question,closed,2024-10-28,2024-11-13,21633486,low
T46585,AGT CLOUD RM STD,question,closed,2025-01-16,2025-01-25,22374432,low
TFBMB3,TOTVS Chef Corporativo,question,closed,2024-10-01,2024-10-14,21404858,low
TB4327,PC - Financeiro,question,closed,2024-05-03,2024-05-14,20042055,low
TCASEN,TOTVS Chef Corporativo,question,closed,2024-10-18,2024-10-31,21573531,low
T19263,RM GestÃ£o de Pessoas & SSO,question,closed,2024-10-28,2024-11-19,21636745,low
TEZM89,RM GestÃ£o de Pessoas & SSO,question,closed,2024-02-22,2024-03-05,19415284,low
T53735,RM GestÃ£o de Pessoas & SSO,question,closed,2024-02-14,2024-02-26,19325033,high
TCASEN,TOTVS Chef Corporativo,question,closed,2024-10-19,2024-11-01,21576203,normal
TFDAS5,TOTVS Chef Corporativo,question,closed,2024-04-17,2024-05-03,19923095,low
TB1645,PC - Financeiro,question,closed,2024-10-21,2024-10-22,21582031,low
T62310,Consinco Recebimento e ExpediÃ§Ã£o de Loja,question,closed,2024-09-09,2024-10-01,21200677,normal
TEWTYL,CPT CLOUD DATASUL STD,question,closed,2025-02-21,2025-03-06,22753932,normal
T61500,Protheus SPED,problem,closed,2024-02-09,2024-03-18,19305674,normal
T47344,RM Framework,question,closed,2024-08-30,2024-09-17,21116543,low
T46457,PRIME RM RH,question,closed,2024-08-19,2024-09-27,21019968,normal
T07912,AGT CLOUD RM STD,question,closed,2025-02-20,2025-02-24,22741149,low
T48228,AGT CLOUD RM STD,question,closed,2024-01-19,2024-01-26,19098527,low
T14535,RM Framework,question,closed,2024-08-30,2024-09-24,21117143,low
TEZOOU,TCRM GC - Suporte PadrÃ£o,question,closed,2024-05-20,2024-06-14,20201058,low
TEZKKU,Logix Controladoria,problem,closed,2024-10-08,2025-03-13,21469882,normal
T80088,TOTVS Processos Fiscais,problem,closed,2024-08-20,2024-10-21,21026325,low
T42079,RM Framework,question,closed,2024-02-09,2024-02-21,19298640,low
TC1348,TOTVS Chef Corporativo,question,closed,2024-12-02,2024-12-20,21959420,low
T14449,Protheus SPED,question,closed,2024-08-13,2024-08-27,20951885,normal
T57157,TOTVS Chef Corporativo,question,closed,2024-09-02,2024-09-17,21126091,low
TCBG82,TOTVS Chef Corporativo,question,closed,2024-04-26,2024-05-13,20004637,low
TFCZG2,AGT CLOUD RM STD,question,closed,2024-07-03,2024-07-10,20595583,low
TDC1KP,Consinco Recebimento e ExpediÃ§Ã£o de Loja,question,closed,2024-11-29,2024-11-29,21937826,normal
T03062,Datasul Recursos Humanos,question,closed,2024-03-13,2024-03-13,19604924,normal
TFCVTU,TOTVS Chef Corporativo,question,closed,2024-04-08,2024-04-22,19830184,low
TEXVI3,Protheus SPED,question,closed,2024-04-25,2024-05-07,19986580,normal
TEZKQY,PRIME RM RH,question,closed,2024-08-09,2024-08-23,20934856,low
TFBLNO,RM Framework,question,closed,2024-05-15,2024-06-03,20159193,low
TFDNGM,TOTVS Chef Corporativo,question,closed,2024-02-18,2024-03-01,19363928,normal
T74690,Datasul Recursos Humanos,question,solved,2025-03-18,2025-03-21,22976884,normal
TEZNGU,Datasul Recursos Humanos,question,closed,2024-12-09,2024-12-09,22032798,normal
TEZKKU,Logix Controladoria,problem,pending,2025-01-20,2025-02-28,22401618,normal
TAAC31,Protheus Manufatura,question,closed,2024-09-16,2024-10-01,21265851,high
TFCTWO,ReversÃ£o Canc/Ouvidoria,question,closed,2025-02-19,2025-03-11,22735394,normal
TCAWRC,TOTVS Chef Corporativo,question,closed,2025-02-06,2025-02-20,22591896,low
T40143,AGT CLOUD RM STD,question,closed,2025-01-27,2025-02-02,22462416,low
T78253,Datasul Recursos Humanos,incident,closed,2024-03-12,2024-04-15,19583414,normal
TCAWRC,TOTVS Chef Corporativo,problem,closed,2024-07-01,2024-08-27,20564438,normal
TFDJLF,RM GestÃ£o de Pessoas & SSO,question,closed,2025-02-14,2025-03-07,22690564,high
TEZDWI,Protheus SPED,question,closed,2024-09-23,2024-10-08,21336955,low
T46457,PRIME RM RH,question,closed,2024-02-05,2024-02-23,19241373,low
TFDRT1,AGT CLOUD RM STD,question,closed,2024-06-10,2024-06-17,20373584,low
TCAWRC,TOTVS Chef Corporativo,question,closed,2024-01-03,2024-02-02,18931418,low
TFDO81,TOTVS Chef Corporativo,question,closed,2025-01-18,2025-01-31,22391441,low
TFBLFM,CST - Contratos PadrÃ£o e Select,task,closed,2025-01-03,2025-01-03,22218872,normal
TFDJLF,AGT CLOUD RM STD,question,closed,2024-09-23,2024-09-27,21336483,low
T32484,Protheus SPED,question,closed,2024-04-08,2024-04-22,19823484,normal
TCAL80,TOTVS Chef Corporativo,question,closed,2024-10-15,2024-10-29,21542539,low
TEYIZV,Protheus SPED,question,pending,2025-03-21,2025-03-24,23018217,low
T52576,PRIME RM RH,question,closed,2024-02-01,2024-02-16,19208481,normal
TFCH84,Datasul Recursos Humanos,question,closed,2024-06-11,2024-06-27,20387369,high
T35324,RM GestÃ£o de Pessoas & SSO,question,closed,2024-04-03,2024-04-22,19779620,high
TB1468,TPD CSO,question,closed,2024-07-29,2024-08-16,20821290,high
T46457,PRIME RM RH,question,closed,2024-05-08,2024-05-22,20087260,low
T32484,Protheus SPED,question,closed,2024-05-16,2024-05-27,20174294,normal
T46585,AGT CLOUD RM STD,question,closed,2024-03-13,2024-03-19,19601613,normal
T00151,ReversÃ£o Canc/Ouvidoria,question,closed,2024-08-01,2024-09-06,20856893,low
T61500,Protheus SPED,problem,closed,2024-02-02,2024-02-27,19216862,normal
TFCRWW,Parceiros Datasul Neogrid Atendimento,question,closed,2024-02-06,2024-02-28,19262823,normal
TB2240,PC - Financeiro,question,closed,2024-06-03,2024-06-12,20304136,low
TDC1KY,Consinco PDV Infra e Monitor,question,closed,2024-08-17,2024-08-29,21006729,normal
T49432,PRIME RM RH,question,closed,2024-10-14,2024-11-07,21518538,normal
TFCXA8,AGT CLOUD RM STD,task,closed,2025-01-13,2025-01-14,22318079,low
TEXVIX,Protheus SPED,question,closed,2025-02-26,2025-03-19,22799579,normal
TFCYEG,AGT CLOUD RM STD,question,closed,2025-01-30,2025-02-05,22502418,low
T32065,DRG RJ - AlocaÃ§Ãµes,question,closed,2024-05-29,2024-06-17,20284068,normal
TFDQUK,TOTVS Chef Corporativo,question,closed,2024-12-11,2024-12-26,22061121,low
TB5707,TOTVS TEF - SERVIÃOS,question,closed,2024-07-03,2024-07-16,20593464,normal
T17348,Protheus AutomaÃ§Ã£o Comercial,question,closed,2024-05-09,2024-05-20,20096569,normal
TEVNT2,CST - Contratos PadrÃ£o e Select,question,closed,2024-12-05,2025-01-06,21999924,low
T79941,Datasul Recursos Humanos,incident,closed,2024-03-20,2024-07-10,19674823,low
TCBG82,TOTVS Chef Corporativo,problem,closed,2024-05-18,2024-05-31,20194795,normal
T52576,PRIME RM RH,question,closed,2024-01-12,2024-02-14,19021486,low
TEZOD5,TOTVS Chef Corporativo,question,closed,2024-06-26,2024-07-09,20523794,low
TEZDI9,Protheus SPED,question,closed,2024-04-15,2024-05-09,19900965,high
T23248,RM Framework,question,closed,2024-11-12,2024-11-26,21785004,low
TFDNGM,TOTVS Chef Corporativo,question,closed,2024-11-27,2024-12-10,21923284,low
TCBG82,TOTVS Chef Corporativo,question,closed,2024-05-02,2024-05-16,20032507,low
TCBG82,TOTVS Chef Corporativo,question,closed,2024-11-05,2024-11-21,21705823,normal
T32484,RM Framework,question,closed,2024-04-26,2024-05-15,20001405,low
TEZVOV,AGT CLOUD RM STD,question,closed,2024-10-21,2024-10-28,21584590,high
T50372,RM GestÃ£o de Pessoas & SSO,question,closed,2024-01-03,2024-01-15,18938280,normal
TFBMB3,TOTVS Chef Corporativo,question,closed,2025-02-13,2025-02-26,22665932,normal
TFDEL1,TOTVS Chef Corporativo,incident,closed,2024-06-27,2024-07-10,20543424,normal
TFCVTU,TOTVS Chef Corporativo,question,closed,2024-03-13,2024-04-18,19600825,low
TFDO85,TOTVS Chef Corporativo,question,closed,2024-04-16,2024-04-30,19913998,low
T09817,ReversÃ£o Canc/Ouvidoria,question,closed,2024-01-30,2024-02-22,19179812,normal
TCAWRC,TOTVS Chef Corporativo,question,closed,2024-12-21,2025-01-15,22162008,high
T27008,RM GestÃ£o de Pessoas & SSO,question,closed,2025-01-31,2025-02-17,22526388,normal
TFDBKI,TOTVS Chef Corporativo,question,closed,2024-03-08,2024-03-22,19565858,low
T17146,Protheus SPED,question,closed,2024-08-12,2024-09-02,20948574,normal
TFDO85,TOTVS Chef Corporativo,question,closed,2024-09-12,2024-09-26,21238536,low
TFDOBB,AGT CLOUD RM STD,question,closed,2025-02-18,2025-02-24,22712486,low
TB4613,PC - Financeiro,problem,hold,2025-03-17,2025-03-19,22959635,low
TB3347,PC - Financeiro,question,closed,2025-01-08,2025-01-08,22259448,low
TFDQW1,TOTVS Chef Corporativo,question,closed,2024-07-04,2024-07-16,20596787,normal
TFD879,AGT CLOUD RM STD,question,closed,2024-09-02,2024-09-09,21131890,low
TEXHTJ,Parceiros Datasul Neogrid Atendimento,question,closed,2025-01-08,2025-01-27,22273275,normal
T02984,TOTVS Chef Corporativo,question,closed,2025-01-21,2025-02-06,22409503,low
TB2240,PC - Financeiro,question,closed,2024-11-28,2024-12-10,21933086,low
T46457,PRIME RM RH,question,closed,2024-10-29,2024-11-12,21643737,low
TCAWRC,TOTVS Chef Corporativo,question,closed,2024-11-21,2024-12-04,21862282,normal
T48579,AGT CLOUD RM STD,question,closed,2024-09-19,2024-09-26,21310501,low
TDC1KY,Consinco PDV Infra e Monitor,question,closed,2024-11-13,2024-12-02,21794529,normal
TEVOVX,Datasul Recursos Humanos,question,closed,2024-07-01,2024-07-11,20558655,high
TDC02G,Consinco PDV Infra e Monitor,question,closed,2024-12-19,2024-12-27,22142931,normal
T30884,Protheus Manufatura,question,closed,2024-06-06,2024-06-17,20338281,normal
TB4095,PC - Financeiro,question,closed,2025-01-14,2025-01-23,22332690,normal
TFBMB3,TOTVS Chef Corporativo,question,closed,2025-01-16,2025-01-29,22367668,low
T14472,Parceiros Datasul Neogrid Atendimento,question,closed,2024-03-07,2024-04-02,19552573,normal
TFBKZ9,Datasul Recursos Humanos,question,closed,2025-02-07,2025-02-18,22604640,low
TCBNKR,TOTVS Chef Corporativo,question,closed,2025-02-07,2025-02-20,22606198,low
T46585,AGT CLOUD RM STD,question,closed,2024-08-02,2024-08-08,20860697,low
TDC1KP,Consinco Recebimento e ExpediÃ§Ã£o de Loja,incident,closed,2025-02-10,2025-02-28,22625199,normal
T44012,AGT CLOUD RM STD,question,closed,2024-05-10,2024-05-23,20117583,low
T25978,RM GestÃ£o de Pessoas & SSO,question,closed,2024-12-03,2024-12-23,21971096,low
TFDNGM,TOTVS Chef Corporativo,question,closed,2024-02-17,2024-02-29,19363308,low
T27008,RM GestÃ£o de Pessoas & SSO,question,closed,2024-04-30,2024-05-10,20018357,low
TEZLHU,CST - Contratos PadrÃ£o e Select,question,closed,2025-02-27,2025-03-21,22815265,low
T46457,PRIME RM RH,question,solved,2025-03-21,2025-03-24,23020261,normal
TFDIM0,Protheus SPED,question,closed,2024-09-05,2024-09-23,21162788,low
TEZDEH,Protheus SPED,question,closed,2024-02-27,2024-03-07,19446002,low
TCASEN,TOTVS Chef Corporativo,task,closed,2024-08-24,2024-09-05,21066907,high
TCAWRC,TOTVS Chef Corporativo,question,closed,2024-12-06,2024-12-20,22009139,low
T46457,PRIME RM RH,question,closed,2024-02-07,2024-03-06,19277397,normal
T78206,Datasul Recursos Humanos,question,closed,2024-10-29,2024-11-19,21644486,low
TFBJPS,CST - Contratos PadrÃ£o e Select,question,closed,2024-12-20,2025-01-16,22158025,normal
T16716,TCRM GC - Suporte PadrÃ£o,question,closed,2024-09-12,2024-11-04,21243739,normal
TFBSKB,TPD CSO,problem,closed,2024-07-09,2024-07-26,20643795,high
T46457,AGT CLOUD RM STD,question,closed,2024-07-01,2024-07-01,20562463,low
TFCNXT,Protheus SPED,task,hold,2025-02-12,2025-03-13,22658094,normal
T52576,PRIME RM RH,question,closed,2024-03-05,2024-05-14,19519506,normal
TB2382,PC - Financeiro,question,closed,2024-06-11,2024-06-21,20384296,low
TFD879,TOTVS Processos Fiscais,question,closed,2024-04-01,2024-04-07,19761283,low
T75573,Parceiros Datasul Neogrid Atendimento,question,closed,2024-02-06,2024-02-19,19258533,normal
TDC1KP,Consinco Recebimento e ExpediÃ§Ã£o de Loja,question,closed,2024-05-31,2024-07-15,20289652,low
TFDPNU,TOTVS Chef Corporativo,question,closed,2024-03-15,2024-04-01,19641733,low
TCBG82,TOTVS Chef Corporativo,question,closed,2024-10-29,2024-11-11,21649818,low
TFDAP1,Logix WMS,question,closed,2024-12-23,2025-01-03,22165281,low
TEZM89,Protheus SPED,question,closed,2025-01-27,2025-02-13,22472926,normal
T14472,Parceiros Datasul Neogrid Atendimento,question,closed,2024-02-01,2024-02-14,19206375,high
TFDSH1,TOTVS Chef Corporativo,question,closed,2024-06-15,2024-06-28,20432984,low
TFDPNU,TOTVS Chef Corporativo,question,closed,2024-12-12,2024-12-27,22077217,high
TDC01Z,Consinco Recebimento e ExpediÃ§Ã£o de Loja,question,closed,2025-03-10,2025-03-14,22891198,low
T25106,CST - Contratos PadrÃ£o e Select,task,closed,2025-01-22,2025-01-22,22427890,normal
TFDPNU,TOTVS Chef Corporativo,question,closed,2025-01-08,2025-01-22,22273069,low
T31057,AGT CLOUD RM STD,question,closed,2025-01-10,2025-01-10,22304049,low
TEZUSY,Parceiros Datasul Neogrid Atendimento,question,closed,2024-09-17,2024-10-02,21282476,low
TFCYOS,PC - Financeiro,question,closed,2024-11-07,2024-11-21,21734747,normal
TB0487,PC - Financeiro,question,closed,2024-10-21,2024-11-01,21579551,normal
TFDPNU,TOTVS Chef Corporativo,question,closed,2024-09-19,2024-10-03,21315615,high
TC1348,TOTVS Chef Corporativo,question,closed,2024-06-27,2024-07-15,20538624,high
T27008,RM Framework,question,closed,2024-07-05,2024-07-17,20615122,low
T62368,Protheus SPED,question,closed,2024-06-03,2024-06-14,20303631,normal
T78573,CST - Contratos PadrÃ£o e Select,question,closed,2025-01-02,2025-01-16,22213417,normal
T12825,Protheus SPED,question,closed,2025-02-19,2025-02-28,22731195,normal
TB1231,PC - Financeiro,question,closed,2024-10-28,2024-11-06,21637174,normal
TEZUNZ,Protheus SPED,question,closed,2024-07-03,2024-07-03,20585038,low
TCAKDA,CST - Contratos PadrÃ£o e Select,task,closed,2025-01-09,2025-01-09,22280941,normal
TFCWMV,Protheus SPED,question,pending,2025-03-06,2025-03-21,22850371,normal
T10019,Protheus SPED,question,closed,2024-10-15,2024-10-28,21540586,low
T48579,TPD CSO,question,closed,2025-01-07,2025-01-21,22248043,low
TB4598,TPD CSO,question,closed,2024-03-13,2024-04-05,19596425,normal
TCAIVC,TOTVS Chef Corporativo,question,closed,2024-08-27,2024-09-06,21083334,normal
TFBKKT,TPD CSO,question,closed,2024-08-09,2024-08-23,20933380,normal
TDC02G,Consinco Recebimento e ExpediÃ§Ã£o de Loja,problem,closed,2024-04-22,2024-06-13,19957753,low
TEZGIV,Protheus Manufatura,question,closed,2024-05-03,2024-05-14,20052046,normal
T03193,AGT CLOUD RM STD,question,closed,2024-09-25,2024-10-01,21359984,low
TFDOBB,AGT CLOUD RM STD,question,closed,2024-11-14,2024-11-23,21818811,low
TEXY03,AGT CLOUD RM STD,incident,closed,2024-11-19,2024-11-27,21844222,normal
T43138,Protheus SPED,question,closed,2024-03-22,2024-04-09,19703211,low
TFDGGR,AGT CLOUD RM STD,question,closed,2024-08-14,2024-08-20,20973382,low
TEXKSA,RM Framework,question,closed,2024-10-03,2024-10-14,21423699,normal
TFBOM4,AGT CLOUD RM STD,question,closed,2025-01-31,2025-02-04,22522329,low
T12377,TOTVS WMS SaaS,question,closed,2025-02-24,2025-03-06,22772609,high
TFBRJZ,AGT CLOUD RM STD,task,closed,2024-10-17,2024-10-28,21565139,low
T27008,Prime - CNI CustomizaÃ§Ãµes,question,closed,2024-03-15,2024-04-01,19632066,high
T31446,Datasul Mercado Internacional,question,closed,2024-04-26,2024-05-08,19999293,high
TB1645,PC - Financeiro,incident,solved,2025-03-12,2025-03-24,22918367,low
T46457,PRIME RM RH,problem,closed,2024-07-31,2025-01-03,20836400,normal
TFBQZU,RM Framework,question,closed,2024-06-11,2024-06-20,20385145,low
T42223,CST - Contratos PadrÃ£o e Select,task,closed,2025-02-04,2025-02-04,22550542,normal
T03120,PRIME RM RH,question,pending,2025-03-17,2025-03-20,22972137,high
TFCEMY,ReversÃ£o Canc/Ouvidoria,question,closed,2024-10-24,2024-11-01,21617958,normal
T22665,RM Framework,question,closed,2025-02-10,2025-02-24,22613329,normal
TEVNZF,CPT CLOUD DATASUL STD,incident,closed,2024-10-16,2024-10-20,21550560,urgent
TFDQW1,TOTVS Chef Corporativo,question,closed,2024-03-05,2024-03-19,19527565,low
TEZHM6,Protheus SPED,question,closed,2024-05-29,2024-06-12,20282342,normal
TFCEX9,FÃ¡brica Consinco,question,closed,2025-01-17,2025-02-28,22386502,normal
T46457,PRIME RM RH,question,closed,2024-10-03,2024-10-23,21426253,low
TFBKDW,Protheus SPED,question,closed,2024-01-24,2024-02-07,19139535,normal
TB4095,PC - Financeiro,question,closed,2025-01-09,2025-01-09,22279555,low
T07912,AGT CLOUD RM STD,question,closed,2025-01-31,2025-02-06,22524078,low
TFDOY7,TOTVS Chef Corporativo,question,closed,2024-07-09,2024-07-23,20639532,low
T75573,TOTVS WMS SaaS,problem,closed,2025-02-26,2025-03-11,22802056,high
TFBMB3,TOTVS Chef Corporativo,question,closed,2024-09-23,2024-10-03,21328180,low
TB2947,PC - Financeiro,question,closed,2025-01-06,2025-01-22,22231620,low
T32484,Protheus SPED,question,closed,2024-02-23,2024-03-07,19420706,low
T57253,AGT CLOUD RM STD,question,closed,2025-02-20,2025-02-24,22747746,low
TFCPQ6,Protheus SPED,question,closed,2024-02-29,2024-03-11,19477887,low
TFCVIC,Protheus SPED,question,closed,2024-01-30,2024-02-08,19189258,normal
TFDBT7,AGT CLOUD RM STD,task,closed,2024-05-29,2024-06-07,20281013,low
TFCO43,Protheus SPED,question,closed,2024-05-08,2024-05-17,20082036,low
TFCXU9,Protheus SPED,question,closed,2024-08-06,2024-08-15,20891265,low
T53615,Datasul Recursos Humanos,question,closed,2024-03-02,2024-03-22,19493483,low
T75573,Parceiros Datasul Neogrid Atendimento,question,closed,2024-10-23,2024-11-13,21601617,normal
T37831,AGT CLOUD RM STD,task,closed,2025-02-11,2025-02-18,22631689,low
T61500,Protheus SPED,question,closed,2025-02-19,2025-02-19,22726652,low
T57157,TOTVS Chef Corporativo,question,closed,2024-07-16,2024-07-29,20706868,low
T23280,Protheus AutomaÃ§Ã£o Comercial,question,closed,2024-09-23,2024-10-16,21337504,high
T07499,Consinco PDV Infra e Monitor,question,closed,2024-04-02,2024-04-02,19769997,normal
T76286,Datasul Recursos Humanos,problem,hold,2025-02-03,2025-02-28,22534850,low
TB1468,PC - Financeiro,question,closed,2024-02-07,2024-02-19,19267268,low
TEZBC3,RM GestÃ£o de Pessoas & SSO,question,closed,2024-04-01,2024-04-11,19758634,low
T02984,TOTVS Chef Corporativo,question,closed,2024-06-05,2024-06-21,20319496,urgent
TFAB04,Protheus SPED,question,closed,2024-09-03,2024-09-12,21136843,low
T94426,RM Framework,question,closed,2024-03-06,2024-03-15,19532453,low
TFBKHT,Protheus AutomaÃ§Ã£o Comercial,question,closed,2024-09-04,2024-09-16,21148354,low
TCAWRC,TOTVS Chef Corporativo,question,closed,2024-12-23,2025-01-08,22168889,low
T42079,RM GestÃ£o de Pessoas & SSO,question,closed,2024-09-16,2024-09-26,21273850,normal
T12690,Protheus SPED,question,closed,2025-01-08,2025-01-17,22259766,normal
T84560,Fluig Squad Documentos,question,closed,2024-11-22,2024-12-06,21878097,low
TEZUSY,Parceiros Datasul Neogrid Atendimento,question,closed,2024-05-24,2024-06-12,20245518,high
TEZKHN,ReversÃ£o Canc/Ouvidoria,question,closed,2024-12-23,2025-01-03,22169744,normal
T75794,Datasul Recursos Humanos,question,closed,2024-03-19,2024-03-28,19658943,normal
TFBNZV,PC - Financeiro,question,closed,2024-04-12,2024-04-23,19872974,low
T14245,PC - Financeiro,question,closed,2024-10-30,2024-11-18,21655939,normal
TC7801,TOTVS Chef Corporativo,question,closed,2025-01-27,2025-01-30,22468026,high
TDC0T5,FÃ¡brica Consinco,question,closed,2025-02-18,2025-03-19,22719638,low
TEZKQY,PRIME RM RH,question,closed,2024-03-08,2024-03-22,19557931,normal
T11454,PC - Financeiro,question,closed,2024-11-12,2024-11-27,21777289,low
T78658,Datasul Recursos Humanos,question,closed,2024-08-06,2024-08-21,20891211,low
T01901,Protheus Manufatura,question,closed,2024-03-07,2024-03-20,19553836,normal
TFCJST,Cloud Customer Success,question,closed,2024-07-18,2024-08-04,20740353,normal
T53735,Parceiros Datasul Neogrid Atendimento,question,closed,2024-12-05,2024-12-16,21996001,low
T96701,RM GestÃ£o de Pessoas & SSO,question,closed,2024-02-21,2024-03-04,19403265,low
T12377,Protheus Manufatura,question,closed,2024-03-28,2024-04-09,19746225,high
TFDPNU,TOTVS Chef Corporativo,question,closed,2024-02-09,2024-03-06,19306461,low
T56018,RM GestÃ£o de Pessoas & SSO,question,closed,2024-01-26,2024-02-07,19162405,high
T61500,Protheus AutomaÃ§Ã£o Comercial,question,closed,2024-01-25,2024-02-14,19151940,normal
TFBSPA,PC - Financeiro,question,closed,2025-03-11,2025-03-20,22893129,low
TDC1KY,Consinco Recebimento e ExpediÃ§Ã£o de Loja,question,closed,2024-01-31,2024-02-20,19195590,low
TFDEBT,AGT CLOUD RM STD,question,closed,2024-11-19,2024-11-30,21843216,low
TFDEDL,AGT CLOUD RM STD,question,closed,2024-02-05,2024-02-05,19233229,low
TEXVI3,AGT CLOUD RM STD,question,closed,2024-11-28,2024-12-04,21929966,low
TFBZ49,TOTVS Chef Corporativo,question,closed,2024-09-18,2024-10-02,21301198,low
T46457,PRIME RM RH,question,closed,2025-02-04,2025-02-25,22552838,high
T43138,RM Framework,question,closed,2024-08-07,2024-08-16,20903180,low
TFDQTE,ReversÃ£o Canc/Ouvidoria,question,closed,2024-06-24,2024-07-26,20505769,normal
TFBMB3,TOTVS Chef Corporativo,question,closed,2024-09-20,2024-10-03,21323840,low
TB1398,PC - Financeiro,question,closed,2024-04-25,2024-05-07,19987334,low
T14511,CST - Contratos PadrÃ£o e Select,task,closed,2025-01-22,2025-01-22,22424096,normal
TB4815,PC - Financeiro,question,closed,2025-02-24,2025-03-06,22768942,low
TFAB06,Protheus SPED,question,closed,2024-11-25,2024-12-04,21897964,low
TFDAP1,Logix WMS,question,closed,2024-12-16,2024-12-31,22108507,low
T42079,RM Framework,question,closed,2025-02-24,2025-03-16,22767223,low
TFCXHA,PC - Financeiro,question,closed,2024-02-05,2024-02-15,19236905,low
TCBG82,TOTVS Chef Corporativo,question,closed,2024-05-02,2024-05-16,20032655,normal
TEZM89,RM GestÃ£o de Pessoas & SSO,question,closed,2024-03-26,2024-04-16,19728380,normal
TFDGNH,Protheus Manufatura,problem,closed,2024-11-11,2024-11-12,21767189,normal
T11318,PC - Financeiro,question,open,2025-03-24,2025-03-24,23032490,normal
TFCVN8,Consinco ContÃ¡bil,question,closed,2024-11-08,2024-12-18,21747731,low
T61500,Datasul Recursos Humanos,question,closed,2025-01-08,2025-01-08,22271192,normal
T03013,Parceiros Datasul Neogrid Atendimento,question,closed,2024-08-06,2024-08-15,20891208,normal
TFCS32,ReversÃ£o Canc/Ouvidoria,question,solved,2025-03-11,2025-03-20,22908873,normal
T49432,PRIME RM RH,question,closed,2025-02-13,2025-02-27,22675474,normal
T74473,Protheus AutomaÃ§Ã£o Comercial,question,closed,2024-08-08,2024-08-22,20924990,low
T61500,Protheus SPED,question,closed,2024-03-28,2024-04-10,19746260,normal
T10869,Protheus Manufatura,question,closed,2024-01-02,2024-01-18,18924528,high
T78206,Datasul Recursos Humanos,question,closed,2025-03-11,2025-03-20,22901160,low
TFCI28,AGT CLOUD RM STD,question,closed,2024-07-05,2024-07-11,20611552,low
T16800,Protheus SPED,task,hold,2024-10-10,2025-03-13,21486209,low
T53357,Logix Controladoria,question,closed,2024-04-15,2024-05-27,19900554,normal
TEZEHW,FÃ¡brica Consinco,question,closed,2024-07-16,2024-11-11,20704594,normal
TCAWRC,TOTVS Chef Corporativo,question,closed,2025-01-30,2025-02-13,22512853,low
TFDTRI,AGT CLOUD RM STD,question,closed,2024-12-18,2024-12-26,22135128,low
TFBZGS,AGT CLOUD RM STD,question,closed,2024-12-10,2024-12-12,22048860,low
T46457,PRIME RM RH,question,closed,2024-03-11,2024-03-25,19572617,normal
T61585,Datasul Recursos Humanos,question,closed,2024-12-12,2024-12-30,22076929,low
TEZOOU,Parceiros Datasul Neogrid Atendimento,question,closed,2024-01-15,2024-02-05,19038791,normal
T17078,Protheus Manufatura,question,closed,2024-08-30,2024-09-12,21114094,normal
TB1645,PC - Financeiro,question,closed,2024-11-12,2024-11-25,21783534,normal
TEXVIX,Protheus AutomaÃ§Ã£o Comercial,question,closed,2024-11-20,2024-12-09,21856940,high
TEZGIV,Protheus Manufatura,question,closed,2024-03-27,2024-04-08,19731568,low
TFDCGT,AGT CLOUD RM STD,question,closed,2024-06-28,2024-07-04,20548548,high
TEZN39,Protheus SPED,question,closed,2024-06-21,2024-07-02,20493473,low
TFDBUD,Protheus AutomaÃ§Ã£o Comercial,incident,closed,2024-05-07,2024-06-19,20072333,low
T31057,AGT CLOUD RM STD,question,closed,2024-12-02,2024-12-02,21957327,normal
TB2947,PC - Financeiro,question,closed,2025-02-04,2025-02-12,22555790,low
TFCVIC,Protheus SPED,question,closed,2024-05-06,2024-05-15,20061483,low
TB1339,PC - Financeiro,question,closed,2024-11-05,2024-11-25,21703505,low
TFCIXR,TOTVS Chef Corporativo,question,closed,2025-02-24,2025-03-11,22770926,normal
TFBRJZ,AGT CLOUD RM STD,question,closed,2024-10-10,2024-10-10,21488287,low
T31446,Datasul Mercado Internacional,question,closed,2024-02-08,2024-02-21,19293382,normal
TFDAP1,Logix WMS,question,closed,2024-04-26,2024-05-08,19999877,normal
TCAL80,TOTVS Chef Corporativo,question,closed,2024-11-04,2024-11-11,21688623,low
T03644,Protheus Manufatura,question,closed,2024-10-17,2024-10-30,21564363,low
TFAB04,Protheus Manufatura,incident,closed,2024-07-19,2024-08-02,20749455,normal
T46457,PRIME RM RH,question,closed,2024-08-17,2024-09-03,21006486,low
T07499,Prime Supermercados - Consultoria,question,closed,2024-06-18,2024-07-02,20457447,normal
T03546,AGT CLOUD RM STD,question,closed,2024-04-16,2024-04-20,19902481,normal
TCAIVC,TOTVS Chef Corporativo,problem,closed,2024-10-01,2024-10-11,21397195,normal
TB2915,PC - Financeiro,question,closed,2024-04-30,2024-05-14,20021125,low
T40143,RM Framework,question,closed,2024-04-03,2024-04-19,19779122,low
TB2947,PC - Financeiro,question,closed,2024-12-16,2025-01-08,22094183,low
TFDOM0,TOTVS Chef Corporativo,question,solved,2025-03-10,2025-03-18,22878526,low
TFDNGM,TOTVS Chef Corporativo,question,closed,2024-09-26,2024-10-09,21369342,low
TFDO81,TOTVS Chef Corporativo,question,closed,2025-03-06,2025-03-20,22854605,low
TFDFR2,PC - Financeiro,question,closed,2025-03-03,2025-03-06,22829135,low
T12377,TOTVS WMS SaaS,problem,closed,2025-02-20,2025-02-26,22741433,high
TFCQGF,ReversÃ£o Canc/Ouvidoria,question,closed,2024-07-29,2024-08-28,20817601,normal
T94503,Protheus SPED,question,closed,2025-01-27,2025-02-12,22470088,low
TB3721,PC - Financeiro,question,closed,2024-11-27,2024-12-06,21922446,low
T74657,Datasul Recursos Humanos,question,closed,2024-04-15,2024-04-24,19886664,low
TEZJ23,Parceiros Datasul Neogrid Atendimento,question,closed,2024-11-20,2024-12-09,21856373,normal
T08492,Protheus SPED,question,closed,2024-12-12,2024-12-31,22071747,low
TC0263,PC - Financeiro,question,closed,2024-09-26,2024-10-14,21365460,low
T25978,AGT CLOUD RM STD,question,closed,2024-02-08,2024-02-15,19286025,low
TCAL80,TOTVS Chef Corporativo,question,closed,2024-03-18,2024-04-11,19654552,high
T17348,Protheus AutomaÃ§Ã£o Comercial,question,closed,2025-02-25,2025-03-14,22782991,low
T61412,SST by NG (QuÃ­rons),question,closed,2024-03-25,2024-04-10,19715164,low
TFCVVU,AGT CLOUD RM STD,question,closed,2024-02-15,2024-02-21,19344178,low
TB5707,PC - Financeiro,question,closed,2025-01-21,2025-01-30,22418295,low
TFCA40,Prime Supermercados - Consultoria,question,closed,2024-11-28,2025-01-09,21936049,normal
T52926,AGT CLOUD RM STD,question,closed,2024-09-30,2024-09-30,21389694,low
TFCPX2,Protheus SPED,question,closed,2024-12-20,2025-01-09,22160392,high
TEWBPM,SOUTH CLOUD STD CRÃTICOS,incident,closed,2024-01-18,2024-01-24,19076953,urgent
TFDO85,TOTVS Chef Corporativo,question,closed,2024-07-10,2024-07-24,20654168,low
TEVVTC,Protheus Manufatura,question,closed,2024-04-23,2024-05-03,19964823,low
TFCWQY,Consinco Recebimento e ExpediÃ§Ã£o de Loja,question,closed,2024-05-06,2024-05-20,20063722,low
TB3150,AMS Winthor,question,open,2025-02-17,2025-03-17,22701747,low
TCAIVC,TOTVS Chef Corporativo,question,closed,2024-07-17,2024-07-31,20725103,low
T49432,RM Framework,question,closed,2024-03-25,2024-04-11,19715111,low
T52372,RM Framework,question,closed,2024-11-11,2024-11-25,21762222,low
T48579,AGT CLOUD RM STD,question,closed,2024-06-21,2024-06-25,20488811,low
TEZGCY,ReversÃ£o Canc/Ouvidoria,question,closed,2025-02-05,2025-02-28,22574300,normal
T76120,CPT CLOUD DATASUL STD,question,closed,2024-08-01,2024-08-11,20852379,normal
T07499,Consinco Recebimento e ExpediÃ§Ã£o de Loja,question,closed,2024-07-09,2024-07-29,20635557,low
T48579,AGT CLOUD RM STD,question,closed,2024-11-28,2024-12-04,21929092,low
TB2482,PC - Financeiro,question,closed,2024-01-04,2024-01-15,18942734,low
TEXKSA,RM GestÃ£o de Pessoas & SSO,question,closed,2025-03-07,2025-03-07,22859692,normal
T46457,PRIME RM RH,question,closed,2024-04-22,2024-05-02,19955189,normal
TFDOXA,PC - Financeiro,question,closed,2024-09-17,2024-09-26,21287255,low
TEZGIV,Protheus Manufatura,question,closed,2024-04-23,2024-05-03,19966923,normal
T75004,Datasul Recursos Humanos,question,closed,2024-03-11,2024-03-31,19576350,low
T17146,Protheus AutomaÃ§Ã£o Comercial,question,closed,2024-07-24,2024-08-09,20789331,low
TFDTMX,TOTVS Chef Corporativo,problem,closed,2024-07-06,2024-07-18,20623715,high
TB3721,PC - Financeiro,question,closed,2024-10-08,2024-10-09,21468676,normal
TAAQPD,Protheus SPED,question,closed,2024-03-20,2024-04-09,19678737,low
TB4815,PC - Financeiro,question,closed,2024-10-02,2024-10-02,21407171,low
TEZDEH,Protheus SPED,question,closed,2024-08-26,2024-09-05,21074511,normal
TFCIXR,TOTVS Chef Corporativo,question,closed,2024-11-06,2024-11-22,21722119,normal
TEZHE7,AGT CLOUD RM STD,question,closed,2024-08-23,2024-08-23,21062757,low
TFBSWH,RM Framework,question,closed,2024-09-19,2024-10-03,21314544,normal
TB4359,PC - Financeiro,question,closed,2024-08-21,2024-09-03,21033515,normal
TAA750,Protheus AutomaÃ§Ã£o Comercial,question,closed,2025-02-19,2025-03-10,22727125,low
TEZO13,AGT CLOUD RM STD,question,closed,2024-08-19,2024-08-26,21012155,low
TFDNGM,TOTVS Chef Corporativo,question,closed,2024-02-21,2024-03-05,19400820,low
TEXVI3,AGT CLOUD RM STD,question,closed,2025-02-03,2025-02-09,22529316,low
TFDJMK,Protheus SPED,question,solved,2025-02-27,2025-03-24,22815041,normal
T84733,Datasul Recursos Humanos,task,closed,2024-01-23,2024-02-19,19122067,low
T36438,RM Framework,question,closed,2025-02-21,2025-02-24,22757637,low
TCAWRC,TOTVS Chef Corporativo,question,closed,2024-11-26,2024-12-09,21908119,low
TFDQW1,TOTVS Chef Corporativo,question,closed,2024-05-01,2024-05-15,20028636,normal
TFAB04,Protheus AutomaÃ§Ã£o Comercial,question,closed,2024-08-30,2024-09-10,21117316,low
T06925,Parceiros Datasul Neogrid Atendimento,question,closed,2024-09-26,2024-10-07,21368752,normal
T44012,AGT CLOUD RM STD,question,closed,2025-01-09,2025-01-13,22294179,low
T54838,AGT CLOUD RM STD,question,closed,2025-02-12,2025-02-18,22647819,low
T77520,CPT CLOUD DATASUL STD,question,closed,2025-01-29,2025-02-03,22489311,high
TEZOOU,Parceiros Datasul Neogrid Atendimento,question,closed,2024-01-29,2024-01-29,19171015,normal
TDC1NE,Consinco Recebimento e ExpediÃ§Ã£o de Loja,question,closed,2025-02-27,2025-02-27,22810014,normal
T75857,Datasul Recursos Humanos,question,closed,2024-01-31,2024-02-26,19196592,low
TA6145,Protheus SPED,question,closed,2024-02-08,2024-02-20,19287008,low
T14472,Parceiros Datasul Neogrid Atendimento,question,closed,2024-06-19,2024-07-05,20467838,normal
T46585,AGT CLOUD RM STD,question,closed,2025-02-13,2025-02-17,22663897,low
T61500,Datasul Recursos Humanos,question,closed,2025-01-08,2025-01-08,22270373,normal
T32484,RM GestÃ£o de Pessoas & SSO,question,closed,2024-06-19,2024-06-28,20466016,normal
TCAIVC,TOTVS Chef Corporativo,question,closed,2024-02-26,2024-03-08,19441851,normal
TDC0DE,AGT CLOUD RM STD,question,closed,2024-05-28,2024-06-06,20270896,low
T36224,CST - Contratos PadrÃ£o e Select,question,open,2025-03-20,2025-03-24,23008529,normal
TFCYW1,AGT CLOUD RM STD,task,closed,2024-03-13,2024-03-21,19603107,low
T08886,Protheus SPED,question,closed,2024-07-18,2024-07-29,20738654,normal
TC0263,TPD CSO,problem,closed,2024-02-06,2024-03-12,19259257,normal
TFCA40,Prime Supermercados - Consultoria,question,closed,2024-11-12,2025-01-28,21772534,low
T62310,Consinco ContÃ¡bil,question,closed,2024-04-23,2024-05-16,19964958,normal
TDC1J9,Consinco Recebimento e ExpediÃ§Ã£o de Loja,question,closed,2024-11-13,2024-12-11,21803439,low
T55219,Parceiros Datasul Neogrid Atendimento,question,closed,2024-10-14,2024-10-23,21519743,normal
T49432,PRIME RM RH,question,closed,2024-07-02,2024-07-16,20572720,low
T37248,RM Framework,question,closed,2024-12-16,2025-01-03,22101517,low
TFCLHU,Prime - CNI CustomizaÃ§Ãµes,question,closed,2024-10-21,2024-11-04,21581406,low
TEZIHY,CPT CLOUD DATASUL STD,question,closed,2024-05-22,2024-05-28,20221359,normal
TEZOD5,TOTVS Chef Corporativo,question,closed,2024-02-10,2024-02-26,19307410,low
T46585,AGT CLOUD RM STD,question,closed,2025-02-14,2025-02-20,22679705,low
T11180,CST - Contratos PadrÃ£o e Select,question,closed,2025-02-11,2025-03-06,22634797,low
TFDQW1,TOTVS Chef Corporativo,question,closed,2024-07-01,2024-07-12,20556470,normal
TEZFGO,Protheus SPED,question,closed,2024-04-08,2024-04-17,19822415,normal
TB5383,PC - Financeiro,question,closed,2025-01-14,2025-01-17,22323940,normal
TAAJVL,CST - Contratos PadrÃ£o e Select,task,closed,2025-02-27,2025-02-27,22806143,normal
T48579,RM Framework,question,closed,2024-07-09,2024-08-06,20642260,normal
T01205,Protheus Manufatura,question,closed,2024-06-11,2024-06-24,20382726,high
T76286,Datasul Recursos Humanos,question,closed,2024-03-05,2024-03-25,19525001,low
T57575,RM GestÃ£o de Pessoas & SSO,question,closed,2024-01-31,2024-02-12,19196160,normal
T48579,AGT CLOUD RM STD,question,closed,2024-06-06,2024-06-14,20337272,low
TFCH84,Datasul Recursos Humanos,incident,closed,2024-02-05,2024-07-10,19246315,normal
TEXKQZ,RM Framework,question,closed,2025-02-19,2025-02-28,22729163,low
T57397,Logix WMS,question,closed,2024-09-11,2024-09-20,21221513,normal
TEZM89,RM GestÃ£o de Pessoas & SSO,question,closed,2024-02-29,2024-03-11,19472428,low
TFDR21,TOTVS Chef Corporativo,question,closed,2025-01-16,2025-02-11,22367963,low
T10084,RM Framework,question,closed,2025-02-28,2025-03-12,22817051,low
TFCPG1,Protheus SPED,question,closed,2024-10-04,2024-10-22,21432130,low
TEWLPO,Protheus SPED,task,hold,2024-10-25,2025-02-04,21627721,low
TFCOXY,Protheus SPED,question,closed,2024-04-19,2024-05-08,19945462,low
TFDMIO,CST - Contratos PadrÃ£o e Select,question,closed,2024-10-22,2025-01-17,21590452,normal
TFDNGM,TOTVS Chef Corporativo,question,closed,2024-10-31,2024-11-14,21674168,low
TEZO13,AGT CLOUD RM STD,question,closed,2024-11-11,2024-11-18,21766981,low
TFCHC3,Datasul Recursos Humanos,question,closed,2025-01-02,2025-01-15,22213753,low
TEZVOV,AGT CLOUD RM STD,question,closed,2024-01-18,2024-02-21,19080431,low
T78253,Datasul Recursos Humanos,question,closed,2024-05-14,2024-05-23,20136782,low
TFCCIT,PC - Financeiro,question,closed,2025-01-29,2025-02-18,22498156,normal
T16800,Protheus Manufatura,problem,closed,2024-02-09,2024-04-03,19295231,normal
TB3744,PC - Financeiro,question,closed,2024-10-17,2024-11-07,21563360,high
TEZKQY,PRIME RM RH,question,closed,2024-02-28,2024-03-25,19468262,low
TFBJS3,Protheus SPED,question,closed,2024-07-12,2024-07-23,20677092,high
T03558,Protheus Manufatura,question,closed,2024-03-27,2024-04-08,19736393,high
TEZDI9,Protheus SPED,question,closed,2025-02-07,2025-02-18,22606149,low
TEZHEF,Protheus Manufatura,question,closed,2024-06-25,2024-07-05,20520327,normal
TC1348,TOTVS Chef Corporativo,problem,closed,2024-08-01,2024-09-13,20850656,low
T74304,FÃ¡brica Datasul OrÃ§amento,task,closed,2024-01-17,2024-02-15,19075396,low
TFCFT6,AGT CLOUD RM STD,task,solved,2025-02-13,2025-02-21,22673578,low
T76474,Protheus SPED,question,closed,2024-08-06,2024-08-15,20890225,low
TEXCMP,Logix Controladoria,question,closed,2024-09-12,2024-09-23,21231882,normal
TFC668,TOTVS Chef Corporativo,question,closed,2024-03-12,2024-03-26,19590886,low
TFBZI2,TOTVS Chef Corporativo,question,closed,2024-10-18,2024-10-31,21569335,normal
TB6594,PC - Financeiro,question,closed,2025-02-06,2025-02-17,22582858,low
T73876,Datasul Recursos Humanos,incident,closed,2024-02-05,2024-02-19,19240168,low
TB1468,PC - Financeiro,problem,closed,2024-10-23,2024-11-25,21605137,low
T13697,Protheus SPED,question,closed,2024-12-31,2025-01-10,22203932,low
TFD879,AGT CLOUD RM STD,question,closed,2025-02-03,2025-02-09,22529336,low
T61384,Datasul Recursos Humanos,question,closed,2024-03-13,2024-04-01,19598106,low
T36224,CST - Contratos PadrÃ£o e Select,question,open,2025-03-20,2025-03-24,23008573,normal
T57546,Protheus Manufatura,question,closed,2024-04-23,2024-05-10,19969772,normal
T75023,CPT CLOUD DATASUL STD,question,closed,2024-08-06,2024-08-12,20887579,low
T56348,PRIME RM RH,question,closed,2025-02-19,2025-03-06,22731785,low
TEZIFJ,Protheus SPED,question,closed,2024-10-28,2024-11-14,21637750,normal
TFDA94,AGT CLOUD RM STD,question,closed,2025-02-05,2025-02-12,22561568,low
T52576,PRIME RM RH,question,closed,2024-04-04,2024-04-18,19792862,normal
TFDQA5,FÃ¡brica Consinco,question,closed,2024-10-03,2024-12-16,21429082,normal
TEZHQP,RM Framework,question,closed,2025-02-12,2025-02-21,22659712,low
TB4359,ReversÃ£o Canc/Ouvidoria,question,closed,2025-01-22,2025-02-14,22423993,normal
T80566,TOTVS Processos Fiscais,question,closed,2025-02-05,2025-02-17,22562045,low
TFCRVL,TOTVS Chef Corporativo,question,closed,2024-02-08,2024-02-22,19287555,low
T73876,CPT CLOUD DATASUL STD,question,closed,2024-02-05,2024-02-27,19236341,low
TAAHZV,CST - Contratos PadrÃ£o e Select,problem,closed,2025-02-17,2025-03-06,22696462,low
T74690,Datasul Recursos Humanos,question,closed,2024-04-03,2024-04-12,19779702,normal
TB1468,PC - Financeiro,problem,hold,2024-11-26,2024-12-10,21909585,high
TB1059,PC - Financeiro,question,closed,2025-02-20,2025-03-11,22739537,normal
TCBNKR,TOTVS Chef Corporativo,incident,closed,2024-08-21,2024-09-02,21039339,normal
TFBZTD,TPD CSO,question,closed,2024-01-12,2024-01-26,19024201,urgent
TEYIZV,Protheus SPED,question,closed,2024-07-05,2024-07-16,20613741,low
TFATQU,Protheus SPED,question,closed,2024-03-26,2024-04-05,19719680,low
T30884,RM Framework,question,closed,2024-05-20,2024-06-06,20197650,low
TFDO85,TOTVS Chef Corporativo,question,closed,2024-09-24,2024-10-08,21346725,low
TDC1KP,Consinco Recebimento e ExpediÃ§Ã£o de Loja,question,closed,2024-03-21,2024-04-09,19691602,normal
T73876,SOUTH CLOUD STD CRÃTICOS,question,closed,2024-02-22,2024-03-01,19419854,low
TFDKKV,AGT CLOUD RM STD,task,closed,2024-07-16,2024-07-30,20704524,low
TFBGUG,PC - Financeiro,question,closed,2024-07-26,2024-07-26,20804577,low
TFDTMX,TOTVS Chef Corporativo,question,closed,2024-07-10,2024-07-23,20651264,low
T84301,Datasul Recursos Humanos,question,closed,2024-04-05,2024-04-16,19807268,normal
T12377,Fluig Squad Documentos,question,closed,2024-06-25,2024-07-18,20512365,normal
TFCYFC,AGT CLOUD RM STD,question,closed,2024-01-31,2024-02-06,19198616,low
TEZDEH,Protheus SPED,question,closed,2024-01-10,2024-01-22,19001047,high
TFDRZX,AGT CLOUD RM STD,question,closed,2024-09-13,2024-09-22,21254227,normal
T75582,Datasul Mercado Internacional,task,closed,2024-06-13,2025-03-14,20407250,normal
TB2947,PC - Financeiro,question,closed,2024-12-03,2024-12-12,21964317,low
TEZO13,AGT CLOUD RM STD,question,closed,2024-01-30,2024-02-03,19181131,low
TFDNKE,CPT CLOUD DATASUL STD,question,closed,2024-06-03,2024-06-10,20305201,high
T46585,AGT CLOUD RM STD,question,closed,2024-07-02,2024-07-08,20571959,low
TFDOY7,TOTVS Chef Corporativo,question,closed,2024-07-26,2024-08-09,20810891,low
